emetteur,fiscal_year,report_year,publication_date,status,status_reason,diagnostic,core_metrics_count,report_title,report_url,resultat_operationnel,resultat_net,chiffre_affaires,capitaux_propres,total_actif,dettes_totales,actifs_courants,passifs_courants,marge_operationnelle,marge_nette,roe,roa,ratio_endettement,autonomie_financiere,ratio_liquidite_generale,company_url,truth_status,truth_reason
AIR LIQUIDE CI,2020,,,missing_report,nearest_report_is_different_fiscal_year,fy=2019 pub=2020 title=AIR LIQUIDE CI : Etats financiers exercice 2019 [score=60]; fy=2019 pub=2020 title=AIR LIQUIDE CI : Etats financiers exercice 2019 [score=60],0,,,,,,,,,,,,,,,,,,https://www.brvm.org/fr/rapports-societe-cotes/air-liquide-ci,missing_or_error,missing_report
AIR LIQUIDE CI,2021,,,missing_report,no_candidate_for_fiscal_year,fy=2019 pub=2020 title=AIR LIQUIDE CI : Etats financiers exercice 2019 [score=60]; fy=2019 pub=2020 title=AIR LIQUIDE CI : Etats financiers exercice 2019 [score=60],0,,,,,,,,,,,,,,,,,,https://www.brvm.org/fr/rapports-societe-cotes/air-liquide-ci,missing_or_error,missing_report
AIR LIQUIDE CI,2022,,,missing_report,no_candidate_for_fiscal_year,fy=2019 pub=2020 title=AIR LIQUIDE CI : Etats financiers exercice 2019 [score=60]; fy=2019 pub=2020 title=AIR LIQUIDE CI : Etats financiers exercice 2019 [score=60],0,,,,,,,,,,,,,,,,,,https://www.brvm.org/fr/rapports-societe-cotes/air-liquide-ci,missing_or_error,missing_report
AIR LIQUIDE CI,2023,,,missing_report,no_candidate_for_fiscal_year,fy=2019 pub=2020 title=AIR LIQUIDE CI : Etats financiers exercice 2019 [score=60]; fy=2019 pub=2020 title=AIR LIQUIDE CI : Etats financiers exercice 2019 [score=60],0,,,,,,,,,,,,,,,,,,https://www.brvm.org/fr/rapports-societe-cotes/air-liquide-ci,missing_or_error,missing_report
AIR LIQUIDE CI,2024,,,missing_report,no_candidate_for_fiscal_year,fy=2019 pub=2020 title=AIR LIQUIDE CI : Etats financiers exercice 2019 [score=60]; fy=2019 pub=2020 title=AIR LIQUIDE CI : Etats financiers exercice 2019 [score=60],0,,,,,,,,,,,,,,,,,,https://www.brvm.org/fr/rapports-societe-cotes/air-liquide-ci,missing_or_error,missing_report
AIR LIQUIDE CI,2025,,,missing_report,no_candidate_for_fiscal_year,fy=2019 pub=2020 title=AIR LIQUIDE CI : Etats financiers exercice 2019 [score=60]; fy=2019 pub=2020 title=AIR LIQUIDE CI : Etats financiers exercice 2019 [score=60],0,,,,,,,,,,,,,,,,,,https://www.brvm.org/fr/rapports-societe-cotes/air-liquide-ci,missing_or_error,missing_report
BANK OF AFRICA BF,2020,2021.0,2021-03-11,ok,,,5,BANK OF AFRICA BURKINA FASO : Etats financiers exercice 2020,https://www.brvm.org/sites/default/files/20210311_-_etats_financiers_exercice_2020_-_boa_bf.pdf,,17608.0,,84435.0,867213104267.0,867213019832.0,25160448690.0,,,,0.2085391129271037,2.0304121228521935e-08,10270776.571706044,9.736361176341717e-08,,https://www.brvm.org/fr/rapports-societe-cotes/bank-africa-bf,verified_like,passes_rule_checks
BANK OF AFRICA BF,2021,2022.0,2022-03-14,ok,,,7,BOA BURKINA FASO : États financiers exercice 2021,https://www.brvm.org/sites/default/files/20220314_-_etats_financiers_exercice_2021_-_boa_bf.pdf,19852081801.0,21244692497.0,47367496842.0,39607918915.0,988180921512.0,948573002597.0,29273485678.0,,0.4191076819452591,0.4485078147123593,0.5363748734840592,0.0214987883640718,23.949074543216252,0.0400816470473813,,https://www.brvm.org/fr/rapports-societe-cotes/bank-africa-bf,verified_like,passes_rule_checks
BANK OF AFRICA BF,2022,2023.0,2023-02-23,ok,,,7,BOA BURKINA FASO : Etats financiers exercice 2022,https://www.brvm.org/sites/default/files/20230223_-_etats_financiers_exercice_2022_-_boa_bf.pdf,0.0,25476935672.0,50828241839.0,43244692497.0,1073229476522.0,1029984784025.0,19025636976.0,,0.0,0.5012358238299678,0.5891343931689976,0.0237385724389184,23.817599907698565,0.0402939850637931,,https://www.brvm.org/fr/rapports-societe-cotes/bank-africa-bf,verified_like,passes_rule_checks
BANK OF AFRICA BF,2023,2024.0,2024-03-01,ok,,,7,BOA BURKINA FASO : Etats financiers certifiés - Exercice 2023,https://www.brvm.org/sites/default/files/20240301_-_etats_financiers_certifies_-_exercice_2023_-_boa_bf.pdf,29304006229.0,29062589535.0,56645788278.0,47476935672.0,1163299866414.0,1115822930742.0,60859489249.0,,0.5173201242285659,0.5130582593779047,0.6121412244417441,0.0249828873655669,23.50242101661308,0.0408122935820089,,https://www.brvm.org/fr/rapports-societe-cotes/bank-africa-bf,verified_like,passes_rule_checks
BANK OF AFRICA BF,2024,2025.0,2025-04-16,ok,,,7,BOA BURKINA FASO : Etats financiers certifiés par les Commissaires Aux Comptes - Exercice 2024,https://www.brvm.org/sites/default/files/20250416_-_etats_financiers_certifies_par_les_commissaires_aux_comptes_-_exercice_2024_-_boa_bf.pdf,34234427341.0,22419223685.0,60576445149.0,51062589535.0,1098275937341.0,1047213347806.0,14638108510.0,,0.5651442116947192,0.3700980410761211,0.4390537943562991,0.0204131065088054,20.508426175452875,0.0464934064372073,,https://www.brvm.org/fr/rapports-societe-cotes/bank-africa-bf,verified_like,passes_rule_checks
BANK OF AFRICA BF,2025,2026.0,2026-03-23,ok,partial_core_metrics,core_metrics_count=1; report=BOA BF - Etats financiers - Exercice 2025,1,BOA BF - Etats financiers - Exercice 2025,https://www.brvm.org/sites/default/files/20260323_-_etats_financiers_-_exercice_2025_-_boa_bf.pdf,,,,,,,53994269264.0,,,,,,,,,https://www.brvm.org/fr/rapports-societe-cotes/bank-africa-bf,needs_review,core_metrics<1
BANK OF AFRICA BN,2020,,,missing_report,nearest_report_is_different_fiscal_year,fy=2021 pub=2022 title=BOA BENIN : États financiers exercice 2021 [score=60],0,,,,,,,,,,,,,,,,,,https://www.brvm.org/fr/rapports-societe-cotes/bank-africa-bn,missing_or_error,missing_report
BANK OF AFRICA BN,2021,2022.0,2022-03-22,ok,,,7,BOA BENIN : États financiers exercice 2021,https://www.brvm.org/sites/default/files/20220322_-_etats_financiers_exercice_2021_-_boa_bn.pdf,20406754098.0,16663938680.0,45259365692.0,89836969716.0,9.027921345448844e+23,9.027921345447946e+23,3.054045761227541e+21,,0.4508846685318676,0.3681876320008944,0.1854908812338551,1.84582231527755e-14,10049227365958.305,9.951013780297125e-14,,https://www.brvm.org/fr/rapports-societe-cotes/bank-africa-bn,verified_like,passes_rule_checks
BANK OF AFRICA BN,2022,,,ok,,,7,BOA BENIN : Etats financiers 2022,https://www.brvm.org/sites/default/files/boa_bn_bilan_hors_bilan_et_compte_de_resultat_2022.pdf,23196758789.0,19143162703.0,46412884468.0,97192147880.0,884426057334.0,787233909454.0,27541120277.0,,0.499791362999499,0.4124536305473217,0.1969620295523815,0.0216447294200092,8.099768619435926,0.1098929040749596,,https://www.brvm.org/fr/rapports-societe-cotes/bank-africa-bn,verified_like,passes_rule_checks
BANK OF AFRICA BN,2023,,,missing_report,nearest_report_is_different_fiscal_year,fy=2022 pub=None title=BOA BENIN : Etats financiers 2022 [score=60],0,,,,,,,,,,,,,,,,,,https://www.brvm.org/fr/rapports-societe-cotes/bank-africa-bn,missing_or_error,missing_report
BANK OF AFRICA BN,2024,,,missing_report,nearest_report_is_different_fiscal_year,fy=2025 pub=2026 title=BOA BN : Etats financiers - Exercice 2025 [score=60],0,,,,,,,,,,,,,,,,,,https://www.brvm.org/fr/rapports-societe-cotes/bank-africa-bn,missing_or_error,missing_report
BANK OF AFRICA BN,2025,2026.0,2026-04-15,ok,,,7,BOA BN : Etats financiers - Exercice 2025,https://www.brvm.org/sites/default/files/20260415_-_etats_financiers_-_exercice_2025_-_boa_bn.pdf,21190621936.0,20107229743.0,51273938002.0,117506988771.0,964662725647.0,847155736876.0,12623737146.0,,0.4132825127489414,0.3921530221106811,0.1711151817717444,0.0208437925592222,7.209407250890875,0.1218114742561323,,https://www.brvm.org/fr/rapports-societe-cotes/bank-africa-bn,verified_like,passes_rule_checks
BANK OF AFRICA CI,2020,2021.0,2021-04-12,ok,,,7,BOA CÔTE D'IVOIRE : Etats Financiers - Exercice 2020,https://www.brvm.org/sites/default/files/20210412_-_etats_financiers_-_exercice_2020_-_boa_ci.pdf,14397.0,14382.0,35375.0,53113.0,608499.0,555386.0,16717.0,,0.406982332155477,0.4065583038869258,0.2707811646866115,0.0236352072887547,10.456686686875154,0.0872852708057038,,https://www.brvm.org/fr/rapports-societe-cotes/bank-africa-ci,verified_like,passes_rule_checks
BANK OF AFRICA CI,2021,,,missing_report,nearest_report_is_different_fiscal_year,fy=2022 pub=2023 title=BOA CI : Etats financiers exercice 2022 [score=60]; fy=2020 pub=2021 title=BOA CÔTE D'IVOIRE : Etats Financiers - Exercice 2020 [score=60],0,,,,,,,,,,,,,,,,,,https://www.brvm.org/fr/rapports-societe-cotes/bank-africa-ci,missing_or_error,missing_report
BANK OF AFRICA CI,2022,2023.0,2023-04-05,ok,,,7,BOA CI : Etats financiers exercice 2022,https://www.brvm.org/sites/default/files/20230405_-_etats_financiers_exercice_2022_-_boa_ci.pdf,21900.0,20069.0,47810.0,69968.0,843300.0,773332.0,0.0,,0.4580631667015268,0.4197657393850659,0.2868311227989938,0.0237981738408632,11.052652641207407,0.0829692873236096,,https://www.brvm.org/fr/rapports-societe-cotes/bank-africa-ci,verified_like,passes_rule_checks
BANK OF AFRICA CI,2023,2024.0,2024-03-14,ok,,,7,BOA CÔTE D'IVOIRE : Etats financiers - Exercice 2023,https://www.brvm.org/sites/default/files/20240314_-_etats_financiers_-_exercice_2023_-_boa_ci.pdf,21900.0,20069.0,47810.0,81726.0,843300.0,761574.0,48364.0,,0.4580631667015268,0.4197657393850659,0.2455644470547928,0.0237981738408632,9.318625651567432,0.0969121309142653,,https://www.brvm.org/fr/rapports-societe-cotes/bank-africa-ci,verified_like,passes_rule_checks
BANK OF AFRICA CI,2024,2025.0,2025-04-02,ok,,,7,BOA CÔTE D'IVOIRE :  Etats financiers - Exercice 2024,https://www.brvm.org/sites/default/files/20250402_-_etats_financiers_-_exercice_2024_-_boa_ci.pdf,31018.0,26075.0,60811.0,95800.0,938738.0,842938.0,37416.0,,0.5100721908865172,0.4287875548831625,0.2721816283924843,0.0277766533367137,8.79893528183716,0.1020519037260662,,https://www.brvm.org/fr/rapports-societe-cotes/bank-africa-ci,verified_like,passes_rule_checks
BANK OF AFRICA CI,2025,,,missing_report,nearest_report_is_different_fiscal_year,fy=2024 pub=2025 title=BOA CÔTE D'IVOIRE :  Etats financiers - Exercice 2024 [score=60],0,,,,,,,,,,,,,,,,,,https://www.brvm.org/fr/rapports-societe-cotes/bank-africa-ci,missing_or_error,missing_report
BANK OF AFRICA ML,2020,2021.0,2021-03-31,ok,,,7,BOA MALI : Etats financiers de l'exercice 2020,https://www.brvm.org/sites/default/files/20210331-_etats_financiers_2020_-boa_ml.pdf,-1963034937.0,528378608.0,32348310259.0,26839742203.0,579477949704.0,552638207501.0,20910556581.0,,-0.0606843115230057,0.0163340404419731,0.019686426345069,0.0009118183155543,20.590294918675824,0.0463171070041748,,https://www.brvm.org/fr/rapports-societe-cotes/bank-africa-ml,verified_like,passes_rule_checks
BANK OF AFRICA ML,2021,2022.0,2022-03-22,ok,,,7,BOA MALI : États financiers exercice 2021,https://www.brvm.org/sites/default/files/20220322_-_etats_financiers_exercice_2021_-_boa_ml.pdf,1986073855.0,2095292328.0,35407562442.0,32186115601.0,581464087673.0,547291834103.0,10134938935.0,,0.0560917984188638,0.0591764070580185,0.0650992606245067,0.0036034767622284,17.003972796456246,0.0553535743364784,,https://www.brvm.org/fr/rapports-societe-cotes/bank-africa-ml,verified_like,passes_rule_checks
BANK OF AFRICA ML,2022,,,missing_report,nearest_report_is_different_fiscal_year,fy=2021 pub=2022 title=BOA MALI : États financiers exercice 2021 [score=60],0,,,,,,,,,,,,,,,,,,https://www.brvm.org/fr/rapports-societe-cotes/bank-africa-ml,missing_or_error,missing_report
BANK OF AFRICA ML,2023,,,missing_report,no_candidate_for_fiscal_year,fy=2020 pub=2021 title=BOA MALI : Etats financiers de l'exercice 2020 [score=60]; fy=2021 pub=2022 title=BOA MALI : États financiers exercice 2021 [score=60]; fy=2025 pub=2026 title=BOA ML : Etats financiers - Exercice 2025 [score=60],0,,,,,,,,,,,,,,,,,,https://www.brvm.org/fr/rapports-societe-cotes/bank-africa-ml,missing_or_error,missing_report
BANK OF AFRICA ML,2024,,,missing_report,nearest_report_is_different_fiscal_year,fy=2025 pub=2026 title=BOA ML : Etats financiers - Exercice 2025 [score=60],0,,,,,,,,,,,,,,,,,,https://www.brvm.org/fr/rapports-societe-cotes/bank-africa-ml,missing_or_error,missing_report
BANK OF AFRICA ML,2025,2026.0,2026-03-24,ok,,,7,BOA ML : Etats financiers - Exercice 2025,https://www.brvm.org/sites/default/files/20260324_-_etats_financiers_-_exercice_2025_-_boa_ml.pdf,9414331581.0,11081189907.0,37996330474.0,49820422180.0,593455473338.0,543635051158.0,18779853606.0,,0.2477694941473889,0.291638423204646,0.2224226416019503,0.0186723189941644,10.911891697622703,0.0839497222930236,,https://www.brvm.org/fr/rapports-societe-cotes/bank-africa-ml,verified_like,passes_rule_checks
BANK OF AFRICA NG,2020,,,missing_report,nearest_report_is_different_fiscal_year,fy=2021 pub=2022 title=BOA NIGER : États financiers exercice 2021 [score=60],0,,,,,,,,,,,,,,,,,,https://www.brvm.org/fr/rapports-societe-cotes/bank-africa-ng,missing_or_error,missing_report
BANK OF AFRICA NG,2021,2022.0,2022-03-17,ok,,,7,BOA NIGER : États financiers exercice 2021,https://www.brvm.org/sites/default/files/20220317_-_etats_financiers_exercice_2021_-_boa_ng.pdf,8571727799.0,7420997114.0,24254744453.0,37238956175.0,329784637704.0,292545681529.0,2021.0,,0.3534041686404899,0.3059606390980597,0.1992804814164477,0.0225025555030879,7.85590445001242,0.112919014161066,,https://www.brvm.org/fr/rapports-societe-cotes/bank-africa-ng,verified_like,passes_rule_checks
BANK OF AFRICA NG,2022,,,missing_report,nearest_report_is_different_fiscal_year,fy=2021 pub=2022 title=BOA NIGER : États financiers exercice 2021 [score=60],0,,,,,,,,,,,,,,,,,,https://www.brvm.org/fr/rapports-societe-cotes/bank-africa-ng,missing_or_error,missing_report
BANK OF AFRICA NG,2023,,,missing_report,no_candidate_for_fiscal_year,fy=2021 pub=2022 title=BOA NIGER : États financiers exercice 2021 [score=60],0,,,,,,,,,,,,,,,,,,https://www.brvm.org/fr/rapports-societe-cotes/bank-africa-ng,missing_or_error,missing_report
BANK OF AFRICA NG,2024,,,missing_report,no_candidate_for_fiscal_year,fy=2021 pub=2022 title=BOA NIGER : États financiers exercice 2021 [score=60],0,,,,,,,,,,,,,,,,,,https://www.brvm.org/fr/rapports-societe-cotes/bank-africa-ng,missing_or_error,missing_report
BANK OF AFRICA NG,2025,,,missing_report,no_candidate_for_fiscal_year,fy=2021 pub=2022 title=BOA NIGER : États financiers exercice 2021 [score=60],0,,,,,,,,,,,,,,,,,,https://www.brvm.org/fr/rapports-societe-cotes/bank-africa-ng,missing_or_error,missing_report
BANK OF AFRICA SN,2020,2021.0,2021-03-11,ok,,,7,BANK OF AFRICA SENEGAL : Etats financiers exercice 2020,https://www.brvm.org/sites/default/files/20210311_-_etats_financiers_exercice_2020_-_boa_sn.pdf,7632.0,7667.0,29997.0,46551.0,561588.0,515037.0,23543.0,,0.2544254425442544,0.2555922258892556,0.1647010805353268,0.0136523572441006,11.06392988335374,0.0828917284557362,,https://www.brvm.org/fr/rapports-societe-cotes/bank-africa-sn,verified_like,passes_rule_checks
BANK OF AFRICA SN,2021,2022.0,2022-03-30,ok,,,7,BOA SENEGAL : États financiers exercice 2021,https://www.brvm.org/sites/default/files/20220330_-_etats_financiers_exercice_2021_-_boa_sn.pdf,7632.0,7667.0,29997.0,46551.0,561588.0,515037.0,23543.0,,0.2544254425442544,0.2555922258892556,0.1647010805353268,0.0136523572441006,11.06392988335374,0.0828917284557362,,https://www.brvm.org/fr/rapports-societe-cotes/bank-africa-sn,verified_like,passes_rule_checks
BANK OF AFRICA SN,2022,2023.0,2023-03-10,ok,,,7,BANK OF AFRICA SENEGAL : Etats financiers certifiés exercice 2022,https://www.brvm.org/sites/default/files/20230310_-_etats_financiers_certifies_2022_-_boa_sn.pdf,10933.0,11070.0,35727.0,53327.0,626289.0,572962.0,33448.0,,0.3060150586391245,0.3098496935091107,0.2075871509741781,0.0176755459540244,10.744313387214731,0.0851475916070695,,https://www.brvm.org/fr/rapports-societe-cotes/bank-africa-sn,verified_like,passes_rule_checks
BANK OF AFRICA SN,2023,,,missing_report,nearest_report_is_different_fiscal_year,fy=2022 pub=2023 title=BANK OF AFRICA SENEGAL : Etats financiers certifiés exercice 2022 [score=60],0,,,,,,,,,,,,,,,,,,https://www.brvm.org/fr/rapports-societe-cotes/bank-africa-sn,missing_or_error,missing_report
BANK OF AFRICA SN,2024,,,missing_report,nearest_report_is_different_fiscal_year,fy=2025 pub=2026 title=BOA SN : Etats financiers - Exercice 2025 [score=60],0,,,,,,,,,,,,,,,,,,https://www.brvm.org/fr/rapports-societe-cotes/bank-africa-sn,missing_or_error,missing_report
BANK OF AFRICA SN,2025,2026.0,2026-03-17,ok,,,6,BOA SN : Etats financiers - Exercice 2025,https://www.brvm.org/sites/default/files/20260317_-_etats_financiers_-_exercice_2025_-_boa_sn.pdf,24723.0,21905.0,,88621.0,783173.0,694552.0,35262.0,,,,0.2471761772040487,0.0279695546194774,7.837329752541723,0.1131563524278799,,https://www.brvm.org/fr/rapports-societe-cotes/bank-africa-sn,verified_like,passes_rule_checks
BBGCI,2020,,,missing_report,no_reports_found_on_company_page,,0,,,,,,,,,,,,,,,,,,https://www.brvm.org/fr/rapports-societe-cotes/bbgci,missing_or_error,missing_report
BBGCI,2021,,,missing_report,no_reports_found_on_company_page,,0,,,,,,,,,,,,,,,,,,https://www.brvm.org/fr/rapports-societe-cotes/bbgci,missing_or_error,missing_report
BBGCI,2022,,,missing_report,no_reports_found_on_company_page,,0,,,,,,,,,,,,,,,,,,https://www.brvm.org/fr/rapports-societe-cotes/bbgci,missing_or_error,missing_report
BBGCI,2023,,,missing_report,no_reports_found_on_company_page,,0,,,,,,,,,,,,,,,,,,https://www.brvm.org/fr/rapports-societe-cotes/bbgci,missing_or_error,missing_report
BBGCI,2024,,,missing_report,no_reports_found_on_company_page,,0,,,,,,,,,,,,,,,,,,https://www.brvm.org/fr/rapports-societe-cotes/bbgci,missing_or_error,missing_report
BBGCI,2025,,,missing_report,no_reports_found_on_company_page,,0,,,,,,,,,,,,,,,,,,https://www.brvm.org/fr/rapports-societe-cotes/bbgci,missing_or_error,missing_report
BERNABE CI,2020,2021.0,2021-05-14,ok,,,8,BERNABE CÔTE D'IVOIRE : Etats Financiers - Exercice 2020,https://www.brvm.org/sites/default/files/20210514_-_etats_financiers_-_exercice_2020_-_bernabe_ci.pdf,1527.0,630.0,39472.0,15414.0,48231.0,32817.0,0.0,14305.0,0.0386856505877584,0.0159606809890555,0.0408719346049046,0.0130621384586676,2.1290385363954845,0.3195869876220688,0.0,https://www.brvm.org/fr/rapports-societe-cotes/bernabe-ci,verified_like,passes_rule_checks
BERNABE CI,2021,2022.0,2022-05-03,ok,,,8,BERNABE CI : Etats financiers Exercice 2021,https://www.brvm.org/sites/default/files/20220503_-_etats_financiers_exercice_2021_-_bernabe_ci.pdf,2656681.0,1598214.0,44428368.0,8922.0,27842423.0,27833501.0,36253828.0,17355320.0,0.0597969522535691,0.0359728270910153,179.1318090114324,0.0574021161879481,3119.6481730553687,0.0003204462485179,2.0889172887621776,https://www.brvm.org/fr/rapports-societe-cotes/bernabe-ci,verified_like,passes_rule_checks
BERNABE CI,2022,2023.0,2023-08-01,ok,,,8,BERNABE CI : Etats financiers certifiés et approuvés - Exercice 2022,https://www.brvm.org/sites/default/files/20230801_-_etats_financiers_certifies_et_approuves_-_exercice_2022_-_bernabe_ci.pdf,2657.0,1809.0,51384.0,0.0,20027.0,20027.0,43566.0,17779.0,0.0517087030982406,0.0352055114432508,,0.0903280571228841,,0.0,2.4504190336914338,https://www.brvm.org/fr/rapports-societe-cotes/bernabe-ci,needs_review,non_positive_equity
BERNABE CI,2023,,,missing_report,nearest_report_is_different_fiscal_year,fy=2022 pub=2023 title=BERNABE CI : Etats financiers certifiés et approuvés - Exercice 2022 [score=95]; fy=2024 pub=2025 title=BERNABE CÔTE D'IVOIRE : Etats financiers - Exercice 2024 [score=60]; fy=2022 pub=2023 title=BERNABE CÔTE D'IVOIRE : États financiers exercice 2022 [score=60],0,,,,,,,,,,,,,,,,,,https://www.brvm.org/fr/rapports-societe-cotes/bernabe-ci,missing_or_error,missing_report
BERNABE CI,2024,2025.0,2025-04-30,ok,,,8,BERNABE CÔTE D'IVOIRE : Etats financiers - Exercice 2024,https://www.brvm.org/sites/default/files/20250430_-_etats_financiers_-_exercice_2024_-_bernabe_ci.pdf,1193257549.0,7313440.0,45312422329.0,2974139.0,15923363159.0,15920389020.0,41860285515.0,14288081045.0,0.026334004841677,0.0001614003318317,2.459010826326544,0.0004592899079781,5352.940471175019,0.0001867783187698,2.9297346076888804,https://www.brvm.org/fr/rapports-societe-cotes/bernabe-ci,verified_like,passes_rule_checks
BERNABE CI,2025,,,missing_report,nearest_report_is_different_fiscal_year,fy=2024 pub=2025 title=BERNABE CÔTE D'IVOIRE : Etats financiers - Exercice 2024 [score=60],0,,,,,,,,,,,,,,,,,,https://www.brvm.org/fr/rapports-societe-cotes/bernabe-ci,missing_or_error,missing_report
BICI CI,2020,2021.0,2021-04-29,ok,,,4,BICI CI : Etats Financiers - Exercice 2020,https://www.brvm.org/sites/default/files/20210429_-_etats_financiers_-_exercice_2020_-_bici_ci.pdf,-3612.0,-3612.0,,58147.0,,,67363.0,,,,-0.0621184239943591,,,,,https://www.brvm.org/fr/rapports-societe-cotes/bici-ci,needs_review,core_metrics<4
BICI CI,2021,2022.0,2022-04-06,ok,,,7,BICICI : Etats financiers exercice 2021,https://www.brvm.org/sites/default/files/20220406_-_etats_financiers_exercice_2021_-_bicici.pdf,4664.0,4672.0,45315.0,62819.0,831386.0,768567.0,6990.0,,0.1029239766081871,0.1031005185920776,0.0743724032537926,0.0056195317217273,12.234626466514907,0.0755593671291073,,https://www.brvm.org/fr/rapports-societe-cotes/bici-ci,verified_like,passes_rule_checks
BICI CI,2022,,,ok,,,7,BICICI : Etats financiers Exercice 2022,https://www.brvm.org/sites/default/files/bilan_et_compte_de_resultat_bicici_31_12_2022_.pdf,11036.0,9603.0,44167.0,74313.0,926252.0,851939.0,6840.0,,0.2498698123033033,0.2174247741526479,0.129223688991159,0.0103675889498754,11.464198727006044,0.0802297862784641,,https://www.brvm.org/fr/rapports-societe-cotes/bici-ci,verified_like,passes_rule_checks
BICI CI,2023,2024.0,2024-05-02,ok,,,7,BICI CI : Etats financiers - Exercice 2023,https://www.brvm.org/sites/default/files/20240502_-_etats_financiers_-_exercice_2023_-_bici_ci.pdf,14004.0,12391.0,47275.0,83574.0,920563.0,836989.0,6872.0,,0.2962242199894236,0.2621047065044949,0.1482638141048651,0.0134602411784962,10.01494483930409,0.0907857474176129,,https://www.brvm.org/fr/rapports-societe-cotes/bici-ci,verified_like,passes_rule_checks
BICI CI,2024,2025.0,2025-03-28,ok,,,7,BICI CÔTE D'IVOIRE : Etats financiers - Exercice 2024,https://www.brvm.org/sites/default/files/20250328_-_etats_financiers_-_exercice_2024_-_bici_ci.pdf,15540.0,16694.0,55506.0,99783.0,1015578.0,915795.0,10163.0,,0.2799697330018376,0.3007602781681259,0.1673030476133209,0.016437929927588,9.177865969153062,0.0982524237429326,,https://www.brvm.org/fr/rapports-societe-cotes/bici-ci,verified_like,passes_rule_checks
BICI CI,2025,2026.0,2026-04-17,ok,,,7,BICI CI  : Etats financiers - Exercice 2025,https://www.brvm.org/sites/default/files/20260417_-_etats_financiers_-_exercice_2025_-_bici_ci.pdf,28769.0,26226.0,68063.0,120570.0,1126270.0,1005700.0,44542.0,,0.4226819270381852,0.3853194834197728,0.2175167952226922,0.0232857130173049,8.341212573608692,0.1070524829747751,,https://www.brvm.org/fr/rapports-societe-cotes/bici-ci,verified_like,passes_rule_checks
BIIC,2020,,,missing_report,no_candidate_for_fiscal_year,fy=2024 pub=2025 title=BANQUE INTERNATIONALE POUR L'INDUSTRIE ET LE COMMERCE DU BENIN : Etats financiers - Exercice 2024 [score=60]; fy=2024 pub=2025 title=BANQUE INTERNATIONALE POUR L’INDUSTRIE ET LE COMMERCE DU BENIN: Etats financiers - Exercice 2024 [score=60],0,,,,,,,,,,,,,,,,,,https://www.brvm.org/fr/rapports-societe-cotes/biic,missing_or_error,missing_report
BIIC,2021,,,missing_report,no_candidate_for_fiscal_year,fy=2024 pub=2025 title=BANQUE INTERNATIONALE POUR L'INDUSTRIE ET LE COMMERCE DU BENIN : Etats financiers - Exercice 2024 [score=60]; fy=2024 pub=2025 title=BANQUE INTERNATIONALE POUR L’INDUSTRIE ET LE COMMERCE DU BENIN: Etats financiers - Exercice 2024 [score=60],0,,,,,,,,,,,,,,,,,,https://www.brvm.org/fr/rapports-societe-cotes/biic,missing_or_error,missing_report
BIIC,2022,,,missing_report,no_candidate_for_fiscal_year,fy=2024 pub=2025 title=BANQUE INTERNATIONALE POUR L'INDUSTRIE ET LE COMMERCE DU BENIN : Etats financiers - Exercice 2024 [score=60]; fy=2024 pub=2025 title=BANQUE INTERNATIONALE POUR L’INDUSTRIE ET LE COMMERCE DU BENIN: Etats financiers - Exercice 2024 [score=60],0,,,,,,,,,,,,,,,,,,https://www.brvm.org/fr/rapports-societe-cotes/biic,missing_or_error,missing_report
BIIC,2023,,,missing_report,nearest_report_is_different_fiscal_year,fy=2024 pub=2025 title=BANQUE INTERNATIONALE POUR L’INDUSTRIE ET LE COMMERCE DU BENIN: Etats financiers - Exercice 2024 [score=60]; fy=2024 pub=2025 title=BANQUE INTERNATIONALE POUR L'INDUSTRIE ET LE COMMERCE DU BENIN : Etats financiers - Exercice 2024 [score=60],0,,,,,,,,,,,,,,,,,,https://www.brvm.org/fr/rapports-societe-cotes/biic,missing_or_error,missing_report
BIIC,2024,2025.0,2025-06-26,ok,,,7,BANQUE INTERNATIONALE POUR L’INDUSTRIE ET LE COMMERCE DU BENIN: Etats financiers - Exercice 2024,https://www.brvm.org/sites/default/files/20250626_-_etats_financiers_-_exercice_2024_-_biic_bn.pdf,32660.0,30341.0,45207.0,95569.0,1520447.0,1424878.0,10398.0,,0.7224544871369478,0.6711571216846949,0.3174774246879218,0.0199553157722696,14.909416233297408,0.0628558575208474,,https://www.brvm.org/fr/rapports-societe-cotes/biic,verified_like,passes_rule_checks
BIIC,2025,,,missing_report,nearest_report_is_different_fiscal_year,fy=2024 pub=2025 title=BANQUE INTERNATIONALE POUR L’INDUSTRIE ET LE COMMERCE DU BENIN: Etats financiers - Exercice 2024 [score=60]; fy=2024 pub=2025 title=BANQUE INTERNATIONALE POUR L'INDUSTRIE ET LE COMMERCE DU BENIN : Etats financiers - Exercice 2024 [score=60],0,,,,,,,,,,,,,,,,,,https://www.brvm.org/fr/rapports-societe-cotes/biic,missing_or_error,missing_report
BOLLORE TRANSPORT & LOGISTICS,2020,,,missing_report,nearest_report_is_different_fiscal_year,fy=2021 pub=2022 title=BOLLORE TRANSPORT & LOGISTICS CI : Etats financiers exercice 2021 [score=60]; fy=2019 pub=2020 title=BOLLORE TRANSPORT & LOGISTICS : Etats financiers exercice 2019 [score=60]; fy=2019 pub=2020 title=BOLLORE TRANSPORT & LOGISTICS : Etats Financiers exercice 2019 - Comptes individuels [score=60],0,,,,,,,,,,,,,,,,,,https://www.brvm.org/fr/rapports-societe-cotes/bollore-transport-logistics,missing_or_error,missing_report
BOLLORE TRANSPORT & LOGISTICS,2021,2022.0,2022-04-27,ok,,,7,BOLLORE TRANSPORT & LOGISTICS CI : Etats financiers exercice 2021,https://www.brvm.org/sites/default/files/20220427_-_etats_financiers_exercice_2021_-_bollore_transport_logistics_ci.pdf,,1394234213454872.0,88721263.0,-5443530.0,170881121.0,176324651.0,2888672.0,8849506.0,,15714769.676519057,-256126853.98167583,8159088.641833477,-32.39160085459252,-0.0318556547858788,0.3264218364279317,https://www.brvm.org/fr/rapports-societe-cotes/bollore-transport-logistics,needs_review,non_positive_equity;extreme_net_margin
BOLLORE TRANSPORT & LOGISTICS,2022,2023.0,2023-10-02,ok,,,8,AFRICA GLOBAL LOGISTICS CI : Etats financiers exercice 2022,https://www.brvm.org/sites/default/files/20231002_-_etats_financiers_exercice_2022_-_africa_global_logistics_ci_ex_bollore.pdf,722915.0,10044129.0,86997124.0,-7076589.0,92924206.0,100000795.0,45670.0,6910392.0,0.0083096425118605,0.1154535752239349,-1.4193461002186225,0.1080894788597924,-14.131214205035787,-0.0761544198720406,0.0066088870211704,https://www.brvm.org/fr/rapports-societe-cotes/bollore-transport-logistics,needs_review,non_positive_equity
BOLLORE TRANSPORT & LOGISTICS,2023,2024.0,2024-06-13,ok,,,8,AFRICA GLOBAL LOGISTICS CI (ex AFRICA GLOBAL LOGISTICS CI ) : Etats financiers - Exercice 2023,https://www.brvm.org/sites/default/files/20240613_-_etats_financiers_-_exercice_2023_-_africa_global_logistics_ci.pdf,547366.0,17138527.0,82623385.0,712820.0,96698627.0,95985807.0,114812236.0,-1552125.0,0.0066248314566148,0.2074294946884589,24.043274599478128,0.1772365082288086,134.65644482478044,0.0073715627834095,-73.97099846983974,https://www.brvm.org/fr/rapports-societe-cotes/bollore-transport-logistics,verified_like,passes_rule_checks
BOLLORE TRANSPORT & LOGISTICS,2024,,,missing_report,nearest_report_is_different_fiscal_year,fy=2023 pub=2024 title=AFRICA GLOBAL LOGISTICS CI (ex AFRICA GLOBAL LOGISTICS CI ) : Etats financiers - Exercice 2023 [score=60],0,,,,,,,,,,,,,,,,,,https://www.brvm.org/fr/rapports-societe-cotes/bollore-transport-logistics,missing_or_error,missing_report
BOLLORE TRANSPORT & LOGISTICS,2025,,,missing_report,no_candidate_for_fiscal_year,fy=2023 pub=2024 title=AFRICA GLOBAL LOGISTICS CI (ex AFRICA GLOBAL LOGISTICS CI ) : Etats financiers - Exercice 2023 [score=60]; fy=2022 pub=2023 title=AFRICA GLOBAL LOGISTICS CI (ex BOLLORE) : Etats financiers - exercice 2022 [score=60]; fy=2022 pub=2023 title=AFRICA GLOBAL LOGISTICS CI (ex BOLLORE) : Etats financiers exercice 2022 [score=60],0,,,,,,,,,,,,,,,,,,https://www.brvm.org/fr/rapports-societe-cotes/bollore-transport-logistics,missing_or_error,missing_report
CFAO MOTORS CI,2020,2021.0,2021-05-11,ok,,,8,CFAO MOTORS CÔTE D'IVOIRE : Etats Financiers - Exercice 2020,https://www.brvm.org/sites/default/files/20210511_-_etats_financiers_-_exercice_2020_-_cfao_motors_ci.pdf,5450011658.0,3779508079.0,99126215810.0,23392004981.0,51094286602.0,27702281621.0,29222096946.0,26913308158.0,0.0549805277389616,0.0381282393170779,0.1615726433911877,0.0739712466961434,1.1842628130209871,0.4578203657722536,1.0857861387550647,https://www.brvm.org/fr/rapports-societe-cotes/cfao-motors-ci,verified_like,passes_rule_checks
CFAO MOTORS CI,2021,2022.0,2022-04-27,ok,,,8,CFAO MOTORS CI : Etats financiers exercice 2021,https://www.brvm.org/sites/default/files/20220427_-_etats_financiers_exercice_2021_-_cfao_motors_ci.pdf,9408220777.0,6710916633.0,119731739139.0,25619459159.0,66380321677.0,40760862518.0,36993828838.0,39908063193.0,0.0785775003742134,0.056049604568168,0.2619460696399004,0.1010979830084983,1.5910118267926392,0.3859496084345858,0.9269763019842274,https://www.brvm.org/fr/rapports-societe-cotes/cfao-motors-ci,verified_like,passes_rule_checks
CFAO MOTORS CI,2022,,,ok,,,8,CFAO MOTORS CI : Etats financiers provisoire exercice 2022,https://www.brvm.org/sites/default/files/etats_financiers_provisoire_exercice_2022_-_cfao_motors_ci_.pdf,9880523627.0,5533563559.0,146375310833.0,17133122722.0,86527037180.0,69393914458.0,56348777526.0,68498898692.0,0.0675012990289921,0.0378039406202406,0.3229746059015009,0.0639518437166485,4.050278258317375,0.1980088915601998,0.8226231166046614,https://www.brvm.org/fr/rapports-societe-cotes/cfao-motors-ci,verified_like,passes_rule_checks
CFAO MOTORS CI,2023,,,missing_report,nearest_report_is_different_fiscal_year,fy=2022 pub=None title=CFAO MOTORS CI : Etats financiers provisoire exercice 2022 [score=70]; fy=2024 pub=2025 title=CFAO MOTORS CÔTE D'IVOIRE : Etats financiers - Exercice 2024 [score=60],0,,,,,,,,,,,,,,,,,,https://www.brvm.org/fr/rapports-societe-cotes/cfao-motors-ci,missing_or_error,missing_report
CFAO MOTORS CI,2024,2025.0,2025-05-16,ok,,,8,CFAO MOTORS CÔTE D'IVOIRE : Etats financiers - Exercice 2024,https://www.brvm.org/sites/default/files/20250516_-_etats_financiers_-_exercice_2024_-_cfao_motors_ci.pdf,7846693699.0,4693479450.0,158313246307.0,19452985667.0,80524552245.0,61071566578.0,61343754629.0,60012128287.0,0.049564353470358,0.0296467892579148,0.2412729608885698,0.0582863154050189,3.1394443826482465,0.2415783152424531,1.022189287065969,https://www.brvm.org/fr/rapports-societe-cotes/cfao-motors-ci,verified_like,passes_rule_checks
CFAO MOTORS CI,2025,,,missing_report,nearest_report_is_different_fiscal_year,fy=2024 pub=2025 title=CFAO MOTORS CÔTE D'IVOIRE : Etats financiers - Exercice 2024 [score=60],0,,,,,,,,,,,,,,,,,,https://www.brvm.org/fr/rapports-societe-cotes/cfao-motors-ci,missing_or_error,missing_report
CIE CI,2020,2021.0,2021-06-04,ok,,,6,CIE CI : Etats financiers exercice 2020,https://www.brvm.org/sites/default/files/20210604_-_etats_financiers_exercice_2020_-_cie_ci.pdf,,,722628.0,5858.0,1237732.0,1193045.0,-856.0,1003709.0,,,,,203.660805735746,0.004732850083863,-0.0008528368282041,https://www.brvm.org/fr/rapports-societe-cotes/cie-ci,verified_like,passes_rule_checks
CIE CI,2021,2022.0,2022-06-03,ok,,,8,CIE CI : Etats financiers Exercice 2021,https://www.brvm.org/sites/default/files/20220603_-_etat_financier_exercice_2021_-_cie.pdf,15805.0,3.681,2317830.0,0.0,406971.0,406971.0,1895141.0,343882.0,0.0068188780022693,1.5881233740179393e-06,,9.044870519029611e-06,,0.0,5.511021222396055,https://www.brvm.org/fr/rapports-societe-cotes/cie-ci,needs_review,non_positive_equity
CIE CI,2022,2023.0,2023-04-27,ok,,,4,CIE CÔTE D'IVOIRE : Etats financiers par secteur Syscohada Exercice 2022,https://www.brvm.org/sites/default/files/20230427_-_etats_financiers_par_secteur_syscohada_exercice_2022_-_cie_ci.pdf,,,,,1315397.0,1314815.0,1208945.0,977752.0,,,,,,,1.2364536201408949,https://www.brvm.org/fr/rapports-societe-cotes/cie-ci,needs_review,core_metrics<4
CIE CI,2023,2024.0,2024-05-02,ok,,,8,CIE CI : Etats financiers SYSCOHADA - Exercice 2023,https://www.brvm.org/sites/default/files/20240502_-_etats_financiers_syscohada_-_exercice_2023_-_cie_ci.pdf,16460.0,115021.0,257218.0,-9800.0,1975051.0,1303886.0,-617.0,1053723.0,0.0639924111065322,0.4471732149383013,-11.736836734693878,0.0582369771717287,-133.0495918367347,-0.0049618971864524,-0.000585542879865,https://www.brvm.org/fr/rapports-societe-cotes/cie-ci,needs_review,non_positive_equity;balance_sheet_gap_gt_10pct
CIE CI,2024,,,missing_report,nearest_report_is_different_fiscal_year,fy=2023 pub=2024 title=CIE CI : Etats financiers SYSCOHADA - Exercice 2023 [score=60]; fy=2023 pub=2024 title=CIE CI : Etats financiers - Exercice 2023 [score=60],0,,,,,,,,,,,,,,,,,,https://www.brvm.org/fr/rapports-societe-cotes/cie-ci,missing_or_error,missing_report
CIE CI,2025,,,missing_report,no_candidate_for_fiscal_year,fy=2021 pub=2022 title=CIE : Etats financiers IFRS exercice 2021 [score=60]; fy=2021 pub=2022 title=CIE : Etats financiers SYSCOHADA exercice 2021 [score=60]; fy=2023 pub=2024 title=CIE CI : Etats financiers - Exercice 2023 [score=60],0,,,,,,,,,,,,,,,,,,https://www.brvm.org/fr/rapports-societe-cotes/cie-ci,missing_or_error,missing_report
CORIS BANK INTERNATIONAL,2020,,,missing_report,no_candidate_for_fiscal_year,fy=2022 pub=2023 title=CORIS BANK INTERNATIONAL BURKINA FASO : Etats financiers Exercice 2022 [score=60],0,,,,,,,,,,,,,,,,,,https://www.brvm.org/fr/rapports-societe-cotes/coris-bank-international,missing_or_error,missing_report
CORIS BANK INTERNATIONAL,2021,,,missing_report,nearest_report_is_different_fiscal_year,fy=2022 pub=2023 title=CORIS BANK INTERNATIONAL BURKINA FASO : Etats financiers Exercice 2022 [score=60],0,,,,,,,,,,,,,,,,,,https://www.brvm.org/fr/rapports-societe-cotes/coris-bank-international,missing_or_error,missing_report
CORIS BANK INTERNATIONAL,2022,2023.0,2023-04-27,ok,,,7,CORIS BANK INTERNATIONAL BURKINA FASO : Etats financiers Exercice 2022,https://www.brvm.org/sites/default/files/20230427_-_etats_financiers_exercice_2022_-_coris_bank_international_bf.pdf,60745.0,56478.0,111106.0,228513.0,2289034.0,2060521.0,67250.0,,0.546730149586881,0.5083253829676165,0.247154428850875,0.024673290130247,9.017084367191364,0.0998294477058881,,https://www.brvm.org/fr/rapports-societe-cotes/coris-bank-international,verified_like,passes_rule_checks
CORIS BANK INTERNATIONAL,2023,,,missing_report,nearest_report_is_different_fiscal_year,fy=2022 pub=2023 title=CORIS BANK INTERNATIONAL BURKINA FASO : Etats financiers Exercice 2022 [score=60],0,,,,,,,,,,,,,,,,,,https://www.brvm.org/fr/rapports-societe-cotes/coris-bank-international,missing_or_error,missing_report
CORIS BANK INTERNATIONAL,2024,,,missing_report,no_candidate_for_fiscal_year,fy=2022 pub=2023 title=CORIS BANK INTERNATIONAL BURKINA FASO : Etats financiers Exercice 2022 [score=60],0,,,,,,,,,,,,,,,,,,https://www.brvm.org/fr/rapports-societe-cotes/coris-bank-international,missing_or_error,missing_report
CORIS BANK INTERNATIONAL,2025,,,missing_report,no_candidate_for_fiscal_year,fy=2022 pub=2023 title=CORIS BANK INTERNATIONAL BURKINA FASO : Etats financiers Exercice 2022 [score=60],0,,,,,,,,,,,,,,,,,,https://www.brvm.org/fr/rapports-societe-cotes/coris-bank-international,missing_or_error,missing_report
COTE D'IVOIRE TELECOM,2020,,,missing_report,no_reports_found_on_company_page,,0,,,,,,,,,,,,,,,,,,https://www.brvm.org/fr/rapports-societe-cotes/cote-divoire-telecom,missing_or_error,missing_report
COTE D'IVOIRE TELECOM,2021,,,missing_report,no_reports_found_on_company_page,,0,,,,,,,,,,,,,,,,,,https://www.brvm.org/fr/rapports-societe-cotes/cote-divoire-telecom,missing_or_error,missing_report
COTE D'IVOIRE TELECOM,2022,,,missing_report,no_reports_found_on_company_page,,0,,,,,,,,,,,,,,,,,,https://www.brvm.org/fr/rapports-societe-cotes/cote-divoire-telecom,missing_or_error,missing_report
COTE D'IVOIRE TELECOM,2023,,,missing_report,no_reports_found_on_company_page,,0,,,,,,,,,,,,,,,,,,https://www.brvm.org/fr/rapports-societe-cotes/cote-divoire-telecom,missing_or_error,missing_report
COTE D'IVOIRE TELECOM,2024,,,missing_report,no_reports_found_on_company_page,,0,,,,,,,,,,,,,,,,,,https://www.brvm.org/fr/rapports-societe-cotes/cote-divoire-telecom,missing_or_error,missing_report
COTE D'IVOIRE TELECOM,2025,,,missing_report,no_reports_found_on_company_page,,0,,,,,,,,,,,,,,,,,,https://www.brvm.org/fr/rapports-societe-cotes/cote-divoire-telecom,missing_or_error,missing_report
CROWN SIEM CI,2020,2021.0,2021-09-07,ok,,,8,CROWN SIEM CI : Etats financiers - exercice 2020,https://www.brvm.org/sites/default/files/20210907_-_etats_financiers_-_exercice_2020_-_crown_siem_ci.pdf,1127530810.0,736547004.0,19629605607.0,6228056683.0,18119926284.0,11351664351.0,13717453375.0,10387927968.0,0.0574403191064581,0.0375222517836702,0.1182627329019767,0.0406484547705017,1.82266554862696,0.3437131357702823,1.3205187230077644,https://www.brvm.org/fr/rapports-societe-cotes/crown-siem-ci,verified_like,passes_rule_checks
CROWN SIEM CI,2021,2022.0,2022-05-10,ok,,,8,EVIOSYS PACKAGING SIEM : Etats financiers Exercice 2021,https://www.brvm.org/sites/default/files/20220510_-_etats_financiers_exercice_2021_-_eviosys_packaging_siem.pdf,2822883834.0,2383609190.0,23056648977.0,5795669420.0,34167069773.0,28371400353.0,18622332953.0,13703831985.0,0.1224325285437596,0.1033805559679445,0.4112741802999523,0.0697633483303157,4.895275816645871,0.1696273475748844,1.3589142783845944,https://www.brvm.org/fr/rapports-societe-cotes/crown-siem-ci,verified_like,passes_rule_checks
CROWN SIEM CI,2022,,,ok,,,8,CROWN SIEM CI : Etats financiers - Exercice 2022,https://www.brvm.org/sites/default/files/eviosys_packaging_siem_-etats_financiers_de_synthese_-exercice_2022.pdf,3260942191.0,3857786280.0,29602761049.0,12037064890.0,32641610848.0,19772522423.0,28163239833.0,19772522423.0,0.110156690641198,0.1303184616331698,0.3204922724313734,0.1181861488994613,1.6426365234124778,0.368764426058879,1.424362518372449,https://www.brvm.org/fr/rapports-societe-cotes/crown-siem-ci,verified_like,passes_rule_checks
CROWN SIEM CI,2023,2024.0,2024-12-16,ok,,,8,EVIOSYS PACKAGING SIEM CI : Etats financiers de synthèse - Exercice 2023,https://www.brvm.org/sites/default/files/20241216_-_etats_financiers_de_synthese_-exercice_2023_-_eviosys_packaging_siem_ci.pdf,1460428832.0,1012055129.0,27874878137.0,13049120019.0,30745259764.0,16741603893.0,26600691927.0,16741603893.0,0.0523922947688687,0.0363070691834393,0.0775573469725476,0.0329174362737057,1.2829680368196177,0.4244270537690943,1.588897461498434,https://www.brvm.org/fr/rapports-societe-cotes/crown-siem-ci,verified_like,passes_rule_checks
CROWN SIEM CI,2024,,,missing_report,nearest_report_is_different_fiscal_year,fy=2023 pub=2024 title=EVIOSYS PACKAGING SIEM CI : Etats financiers de synthèse - Exercice 2023 [score=60],0,,,,,,,,,,,,,,,,,,https://www.brvm.org/fr/rapports-societe-cotes/crown-siem-ci,missing_or_error,missing_report
CROWN SIEM CI,2025,,,missing_report,no_candidate_for_fiscal_year,fy=2019 pub=2020 title=CROWN SIEM CI : Etats Financiers - Exercice 2019 [score=60]; fy=2022 pub=None title=CROWN SIEM CI : Etats financiers - Exercice 2022 [score=60]; fy=2020 pub=2021 title=CROWN SIEM CI : Etats financiers - exercice 2020 [score=60],0,,,,,,,,,,,,,,,,,,https://www.brvm.org/fr/rapports-societe-cotes/crown-siem-ci,missing_or_error,missing_report
DC/BR,2020,,,missing_report,no_reports_found_on_company_page,,0,,,,,,,,,,,,,,,,,,https://www.brvm.org/fr/rapports-societe-cotes/dcbr,missing_or_error,missing_report
DC/BR,2021,,,missing_report,no_reports_found_on_company_page,,0,,,,,,,,,,,,,,,,,,https://www.brvm.org/fr/rapports-societe-cotes/dcbr,missing_or_error,missing_report
DC/BR,2022,,,missing_report,no_reports_found_on_company_page,,0,,,,,,,,,,,,,,,,,,https://www.brvm.org/fr/rapports-societe-cotes/dcbr,missing_or_error,missing_report
DC/BR,2023,,,missing_report,no_reports_found_on_company_page,,0,,,,,,,,,,,,,,,,,,https://www.brvm.org/fr/rapports-societe-cotes/dcbr,missing_or_error,missing_report
DC/BR,2024,,,missing_report,no_reports_found_on_company_page,,0,,,,,,,,,,,,,,,,,,https://www.brvm.org/fr/rapports-societe-cotes/dcbr,missing_or_error,missing_report
DC/BR,2025,,,missing_report,no_reports_found_on_company_page,,0,,,,,,,,,,,,,,,,,,https://www.brvm.org/fr/rapports-societe-cotes/dcbr,missing_or_error,missing_report
ECOBANK CI,2020,2021.0,2021-03-24,ok,,,7,ECOBANK CI : Etats financiers exercice 2020,https://www.brvm.org/sites/default/files/20210324_-_etats_financiers_exercice_2020_-_ecobank_ci.pdf,28025.0,30018.0,86521.0,120089.0,1602345.0,1482256.0,58942.0,,0.3239098022445418,0.3469446723916737,0.2499646095812272,0.0187337932842178,12.342978957273356,0.0749457825873953,,https://www.brvm.org/fr/rapports-societe-cotes/ecobank-ci,verified_like,passes_rule_checks
ECOBANK CI,2021,2022.0,2022-03-17,ok,,,6,ECOBANK CI : États financiers exercice 2021,https://www.brvm.org/sites/default/files/20220317_-_etats_financiers_exercice_2021_-_ecobank_ci.pdf,,34304.0,90545.0,128527.0,1677707.0,1549180.0,31959.0,,,0.3788613396653598,0.2669011180530161,0.0204469552788418,12.053342877372067,0.0766087284609291,,https://www.brvm.org/fr/rapports-societe-cotes/ecobank-ci,verified_like,passes_rule_checks
ECOBANK CI,2022,2023.0,2023-04-05,ok,,,6,ECOBANK CI : Etats financiers exercice 2022,https://www.brvm.org/sites/default/files/20230405_-_etats_financiers_exercice_2022_-_ecobank_ci.pdf,,44598.0,99155.0,144829.0,1901235.0,1756406.0,36336.0,,,0.449780646462609,0.3079355653909092,0.0234573842791659,12.127446851114073,0.0761762748950024,,https://www.brvm.org/fr/rapports-societe-cotes/ecobank-ci,verified_like,passes_rule_checks
ECOBANK CI,2023,2024.0,2024-03-28,ok,,,7,ECOBANK CI : Résultats financiers - Exercice 2023,https://www.brvm.org/sites/default/files/20240328_-_resultats_financiers_-_exercice_2023_-_ecobank_ci.pdf,48368.0,48071.0,110189.0,163719.0,1953299.0,1737516.0,39820.0,,0.438954886603926,0.4362595177377052,0.2936189446551713,0.0246101595301077,10.612793872427757,0.08381666094131,,https://www.brvm.org/fr/rapports-societe-cotes/ecobank-ci,verified_like,passes_rule_checks
ECOBANK CI,2024,,,missing_report,nearest_report_is_different_fiscal_year,fy=2023 pub=2024 title=ECOBANK CI : Résultats financiers - Exercice 2023 [score=60],0,,,,,,,,,,,,,,,,,,https://www.brvm.org/fr/rapports-societe-cotes/ecobank-ci,missing_or_error,missing_report
ECOBANK CI,2025,,,missing_report,no_candidate_for_fiscal_year,fy=2019 pub=2020 title=ECOBANK CI : Etats financiers Exercice 2019 [score=60]; fy=2020 pub=2021 title=ECOBANK CI : Etats financiers exercice 2020 [score=60]; fy=2022 pub=2023 title=ECOBANK CI : Etats financiers exercice 2022 [score=60],0,,,,,,,,,,,,,,,,,,https://www.brvm.org/fr/rapports-societe-cotes/ecobank-ci,missing_or_error,missing_report
ECOBANK TG,2020,,,missing_report,nearest_report_is_different_fiscal_year,fy=2021 pub=2022 title=Ecobank Transnational Incorporated TOGO : Etats financiers exercice 2021 [score=60]; fy=2019 pub=2020 title=ETI TOGO : Etats financiers exercice 2019 [score=60],0,,,,,,,,,,,,,,,,,,https://www.brvm.org/fr/rapports-societe-cotes/ecobank-tg,missing_or_error,missing_report
ECOBANK TG,2021,2022.0,2022-01-28,ok,,,7,Ecobank Transnational Incorporated TOGO : Etats financiers exercice 2021,https://www.brvm.org/sites/default/files/20220128_-_etats_financiers_exercice_2021_-_eti_tg.pdf,516827.0,349504.0,1741138.0,2128906.0,27257878.0,23000066.0,43600.0,,0.2968328759696245,0.2007330837647561,0.1641707055172938,0.0128221279734247,10.803701995297114,0.078102411346914,,https://www.brvm.org/fr/rapports-societe-cotes/ecobank-tg,verified_like,passes_rule_checks
ECOBANK TG,2022,,,missing_report,nearest_report_is_different_fiscal_year,fy=2023 pub=2024 title=ETI TOGO : Etats financiers - Exercice 2023 [score=60]; fy=2021 pub=2022 title=Ecobank Transnational Incorporated TOGO : Etats financiers exercice 2021 [score=60],0,,,,,,,,,,,,,,,,,,https://www.brvm.org/fr/rapports-societe-cotes/ecobank-tg,missing_or_error,missing_report
ECOBANK TG,2023,2024.0,2024-05-02,ok,,,7,ETI TOGO : Etats financiers - Exercice 2023,https://www.brvm.org/sites/default/files/20240502_-_etats_financiers_-_exercice_2023_-_eti_tg.pdf,621172.0,406923.0,2063666.0,1734455.0,27230165.0,23761255.0,145054.0,,0.3010041353591133,0.1971845250151914,0.2346114485530036,0.0149438315926473,13.699551155838575,0.0636960885106645,,https://www.brvm.org/fr/rapports-societe-cotes/ecobank-tg,verified_like,passes_rule_checks
ECOBANK TG,2024,2025.0,2025-03-28,ok,,,7,ETI TOGO : Etats financiers certifiés par les Commissaires Aux Comptes - Exercice 2024,https://www.brvm.org/sites/default/files/20250328_-_etats_financiers_certifies_par_les_commissaires_aux_comptes_-_exercice_2024_-_eti_tg.pdf,657755.0,493630.0,2089118.0,1794802.0,27955172.0,24365568.0,2391697.0,,0.3148481799496246,0.2362863179581048,0.2750331234308854,0.0176579131761378,13.575630069500702,0.064202860207764,,https://www.brvm.org/fr/rapports-societe-cotes/ecobank-tg,verified_like,passes_rule_checks
ECOBANK TG,2025,2026.0,2026-04-13,ok,,,4,ETI TG : Etats financiers IFRS - Exercice 2025,https://www.brvm.org/sites/default/files/20260413_-_etats_financiers_ifrs_-_exercice_2025_-_eti_tg.pdf,,594.122,17.0,60.0,,,422.321,,,34.948352941176466,9.902033333333332,,,,,https://www.brvm.org/fr/rapports-societe-cotes/ecobank-tg,needs_review,core_metrics<4;extreme_net_margin
EDKSN,2020,,,missing_report,no_reports_found_on_company_page,,0,,,,,,,,,,,,,,,,,,https://www.brvm.org/fr/rapports-societe-cotes/edksn,missing_or_error,missing_report
EDKSN,2021,,,missing_report,no_reports_found_on_company_page,,0,,,,,,,,,,,,,,,,,,https://www.brvm.org/fr/rapports-societe-cotes/edksn,missing_or_error,missing_report
EDKSN,2022,,,missing_report,no_reports_found_on_company_page,,0,,,,,,,,,,,,,,,,,,https://www.brvm.org/fr/rapports-societe-cotes/edksn,missing_or_error,missing_report
EDKSN,2023,,,missing_report,no_reports_found_on_company_page,,0,,,,,,,,,,,,,,,,,,https://www.brvm.org/fr/rapports-societe-cotes/edksn,missing_or_error,missing_report
EDKSN,2024,,,missing_report,no_reports_found_on_company_page,,0,,,,,,,,,,,,,,,,,,https://www.brvm.org/fr/rapports-societe-cotes/edksn,missing_or_error,missing_report
EDKSN,2025,,,missing_report,no_reports_found_on_company_page,,0,,,,,,,,,,,,,,,,,,https://www.brvm.org/fr/rapports-societe-cotes/edksn,missing_or_error,missing_report
FCTC SONATEL,2020,,,missing_report,no_reports_found_on_company_page,,0,,,,,,,,,,,,,,,,,,https://www.brvm.org/fr/rapports-societe-cotes/fctc-sonatel,missing_or_error,missing_report
FCTC SONATEL,2021,,,missing_report,no_reports_found_on_company_page,,0,,,,,,,,,,,,,,,,,,https://www.brvm.org/fr/rapports-societe-cotes/fctc-sonatel,missing_or_error,missing_report
FCTC SONATEL,2022,,,missing_report,no_reports_found_on_company_page,,0,,,,,,,,,,,,,,,,,,https://www.brvm.org/fr/rapports-societe-cotes/fctc-sonatel,missing_or_error,missing_report
FCTC SONATEL,2023,,,missing_report,no_reports_found_on_company_page,,0,,,,,,,,,,,,,,,,,,https://www.brvm.org/fr/rapports-societe-cotes/fctc-sonatel,missing_or_error,missing_report
FCTC SONATEL,2024,,,missing_report,no_reports_found_on_company_page,,0,,,,,,,,,,,,,,,,,,https://www.brvm.org/fr/rapports-societe-cotes/fctc-sonatel,missing_or_error,missing_report
FCTC SONATEL,2025,,,missing_report,no_reports_found_on_company_page,,0,,,,,,,,,,,,,,,,,,https://www.brvm.org/fr/rapports-societe-cotes/fctc-sonatel,missing_or_error,missing_report
FCTCEPT,2020,,,missing_report,no_reports_found_on_company_page,,0,,,,,,,,,,,,,,,,,,https://www.brvm.org/fr/rapports-societe-cotes/fctcept,missing_or_error,missing_report
FCTCEPT,2021,,,missing_report,no_reports_found_on_company_page,,0,,,,,,,,,,,,,,,,,,https://www.brvm.org/fr/rapports-societe-cotes/fctcept,missing_or_error,missing_report
FCTCEPT,2022,,,missing_report,no_reports_found_on_company_page,,0,,,,,,,,,,,,,,,,,,https://www.brvm.org/fr/rapports-societe-cotes/fctcept,missing_or_error,missing_report
FCTCEPT,2023,,,missing_report,no_reports_found_on_company_page,,0,,,,,,,,,,,,,,,,,,https://www.brvm.org/fr/rapports-societe-cotes/fctcept,missing_or_error,missing_report
FCTCEPT,2024,,,missing_report,no_reports_found_on_company_page,,0,,,,,,,,,,,,,,,,,,https://www.brvm.org/fr/rapports-societe-cotes/fctcept,missing_or_error,missing_report
FCTCEPT,2025,,,missing_report,no_reports_found_on_company_page,,0,,,,,,,,,,,,,,,,,,https://www.brvm.org/fr/rapports-societe-cotes/fctcept,missing_or_error,missing_report
FCTCSNTS,2020,,,missing_report,no_reports_found_on_company_page,,0,,,,,,,,,,,,,,,,,,https://www.brvm.org/fr/rapports-societe-cotes/fctcsnts,missing_or_error,missing_report
FCTCSNTS,2021,,,missing_report,no_reports_found_on_company_page,,0,,,,,,,,,,,,,,,,,,https://www.brvm.org/fr/rapports-societe-cotes/fctcsnts,missing_or_error,missing_report
FCTCSNTS,2022,,,missing_report,no_reports_found_on_company_page,,0,,,,,,,,,,,,,,,,,,https://www.brvm.org/fr/rapports-societe-cotes/fctcsnts,missing_or_error,missing_report
FCTCSNTS,2023,,,missing_report,no_reports_found_on_company_page,,0,,,,,,,,,,,,,,,,,,https://www.brvm.org/fr/rapports-societe-cotes/fctcsnts,missing_or_error,missing_report
FCTCSNTS,2024,,,missing_report,no_reports_found_on_company_page,,0,,,,,,,,,,,,,,,,,,https://www.brvm.org/fr/rapports-societe-cotes/fctcsnts,missing_or_error,missing_report
FCTCSNTS,2025,,,missing_report,no_reports_found_on_company_page,,0,,,,,,,,,,,,,,,,,,https://www.brvm.org/fr/rapports-societe-cotes/fctcsnts,missing_or_error,missing_report
FIDELIS FINANCE,2020,,,missing_report,no_reports_found_on_company_page,,0,,,,,,,,,,,,,,,,,,https://www.brvm.org/fr/rapports-societe-cotes/fidelis-finance,missing_or_error,missing_report
FIDELIS FINANCE,2021,,,missing_report,no_reports_found_on_company_page,,0,,,,,,,,,,,,,,,,,,https://www.brvm.org/fr/rapports-societe-cotes/fidelis-finance,missing_or_error,missing_report
FIDELIS FINANCE,2022,,,missing_report,no_reports_found_on_company_page,,0,,,,,,,,,,,,,,,,,,https://www.brvm.org/fr/rapports-societe-cotes/fidelis-finance,missing_or_error,missing_report
FIDELIS FINANCE,2023,,,missing_report,no_reports_found_on_company_page,,0,,,,,,,,,,,,,,,,,,https://www.brvm.org/fr/rapports-societe-cotes/fidelis-finance,missing_or_error,missing_report
FIDELIS FINANCE,2024,,,missing_report,no_reports_found_on_company_page,,0,,,,,,,,,,,,,,,,,,https://www.brvm.org/fr/rapports-societe-cotes/fidelis-finance,missing_or_error,missing_report
FIDELIS FINANCE,2025,,,missing_report,no_reports_found_on_company_page,,0,,,,,,,,,,,,,,,,,,https://www.brvm.org/fr/rapports-societe-cotes/fidelis-finance,missing_or_error,missing_report
FILTISAC CI,2020,2021.0,2021-04-22,ok,,,8,FILTISAC CI : Etats financiers - Exercice 2020,https://www.brvm.org/sites/default/files/20210422_-_etats_financiers_-_exercice_2020_-_filtisac_ci.pdf,30688.0,3551668.0,39020184.0,1882970.0,53788997.0,25322311.0,35010903.0,21546060.0,0.0007864647691051,0.0910213032311687,1.886205303324004,0.0660296379945512,13.448069273541268,0.0350066018148656,1.6249329575801794,https://www.brvm.org/fr/rapports-societe-cotes/filtisac-ci,needs_review,balance_sheet_gap_gt_10pct
FILTISAC CI,2021,2022.0,2022-05-06,ok,,,7,FILTISAC CI : Etats financiers Exercice 2021,https://www.brvm.org/sites/default/files/20220506_-_etats_financiers_exercice_2021_-_filtisac_ci.pdf,1048574.0,1276336.0,41473743.0,32271934.0,53741474.0,5080560.0,34869938.0,,0.0252828397957715,0.0307745553614488,0.0395494115722968,0.0237495532779767,0.1574296724825974,0.6005033282116528,,https://www.brvm.org/fr/rapports-societe-cotes/filtisac-ci,needs_review,balance_sheet_gap_gt_10pct
FILTISAC CI,2022,2023.0,2023-05-11,ok,,,8,FILTISAC CI : Etats financiers exercice 2022,https://www.brvm.org/sites/default/files/20230511_-_etats_financiers_exercice_2022_-_filtisac_ci.pdf,203064.0,153483.0,45464126.0,29719262.0,60742819.0,31023557.0,36634076.0,25908048.0,0.004466466593903,0.0033759144517591,0.0051644283764516,0.0025267678143156,1.043887193430308,0.4892637926468312,1.4140037103528602,https://www.brvm.org/fr/rapports-societe-cotes/filtisac-ci,verified_like,passes_rule_checks
FILTISAC CI,2023,2024.0,2024-05-13,ok,,,8,FILTISAC CI : Etats financiers - Exercice 2023,https://www.brvm.org/sites/default/files/20240513_-_etats_financiers_-_exercice_2023_-_filtisac_ci.pdf,1601400.0,3075971.0,38214973.0,31.0,50701178.0,23797254.0,33335463.0,19595550.0,0.0419050407284076,0.0804912514265023,99224.87096774194,0.0606686298294686,767653.3548387097,6.11425635909288e-07,1.7011751647695523,https://www.brvm.org/fr/rapports-societe-cotes/filtisac-ci,needs_review,balance_sheet_gap_gt_10pct
FILTISAC CI,2024,2025.0,2025-05-23,ok,,,8,FILTISAC CÔTE D'IVOIRE : Etats financiers - Exercice 2024,https://www.brvm.org/sites/default/files/20250523_-_etats_financiers_-_exercice_2024_-_filtisac_ci.pdf,882181.0,18595275.0,30694517.0,27426156722.0,27443764313.0,17607591.0,53014429.0,14076147.0,0.0287406705243154,0.6058174819952371,0.0006780124239968,0.0006775774193335,0.0006419999410955,0.9993584119583894,3.766259971567504,https://www.brvm.org/fr/rapports-societe-cotes/filtisac-ci,verified_like,passes_rule_checks
FILTISAC CI,2025,,,missing_report,nearest_report_is_different_fiscal_year,fy=2024 pub=2025 title=FILTISAC CÔTE D'IVOIRE : Etats financiers - Exercice 2024 [score=60],0,,,,,,,,,,,,,,,,,,https://www.brvm.org/fr/rapports-societe-cotes/filtisac-ci,missing_or_error,missing_report
FIMSN.O1,2020,,,missing_report,no_reports_found_on_company_page,,0,,,,,,,,,,,,,,,,,,https://www.brvm.org/fr/rapports-societe-cotes/fimsno1,missing_or_error,missing_report
FIMSN.O1,2021,,,missing_report,no_reports_found_on_company_page,,0,,,,,,,,,,,,,,,,,,https://www.brvm.org/fr/rapports-societe-cotes/fimsno1,missing_or_error,missing_report
FIMSN.O1,2022,,,missing_report,no_reports_found_on_company_page,,0,,,,,,,,,,,,,,,,,,https://www.brvm.org/fr/rapports-societe-cotes/fimsno1,missing_or_error,missing_report
FIMSN.O1,2023,,,missing_report,no_reports_found_on_company_page,,0,,,,,,,,,,,,,,,,,,https://www.brvm.org/fr/rapports-societe-cotes/fimsno1,missing_or_error,missing_report
FIMSN.O1,2024,,,missing_report,no_reports_found_on_company_page,,0,,,,,,,,,,,,,,,,,,https://www.brvm.org/fr/rapports-societe-cotes/fimsno1,missing_or_error,missing_report
FIMSN.O1,2025,,,missing_report,no_reports_found_on_company_page,,0,,,,,,,,,,,,,,,,,,https://www.brvm.org/fr/rapports-societe-cotes/fimsno1,missing_or_error,missing_report
FOCUS IMMOBILIER SA,2020,,,missing_report,no_reports_found_on_company_page,,0,,,,,,,,,,,,,,,,,,https://www.brvm.org/fr/rapports-societe-cotes/focus-immobilier-sa,missing_or_error,missing_report
FOCUS IMMOBILIER SA,2021,,,missing_report,no_reports_found_on_company_page,,0,,,,,,,,,,,,,,,,,,https://www.brvm.org/fr/rapports-societe-cotes/focus-immobilier-sa,missing_or_error,missing_report
FOCUS IMMOBILIER SA,2022,,,missing_report,no_reports_found_on_company_page,,0,,,,,,,,,,,,,,,,,,https://www.brvm.org/fr/rapports-societe-cotes/focus-immobilier-sa,missing_or_error,missing_report
FOCUS IMMOBILIER SA,2023,,,missing_report,no_reports_found_on_company_page,,0,,,,,,,,,,,,,,,,,,https://www.brvm.org/fr/rapports-societe-cotes/focus-immobilier-sa,missing_or_error,missing_report
FOCUS IMMOBILIER SA,2024,,,missing_report,no_reports_found_on_company_page,,0,,,,,,,,,,,,,,,,,,https://www.brvm.org/fr/rapports-societe-cotes/focus-immobilier-sa,missing_or_error,missing_report
FOCUS IMMOBILIER SA,2025,,,missing_report,no_reports_found_on_company_page,,0,,,,,,,,,,,,,,,,,,https://www.brvm.org/fr/rapports-societe-cotes/focus-immobilier-sa,missing_or_error,missing_report
LNB,2020,,,missing_report,no_candidate_for_fiscal_year,fy=2024 pub=2025 title=LOTERIE NATIONALE DU BENIN : Etats financiers - Exercice 2024 [score=60],0,,,,,,,,,,,,,,,,,,https://www.brvm.org/fr/rapports-societe-cotes/lnb,missing_or_error,missing_report
LNB,2021,,,missing_report,no_candidate_for_fiscal_year,fy=2024 pub=2025 title=LOTERIE NATIONALE DU BENIN : Etats financiers - Exercice 2024 [score=60],0,,,,,,,,,,,,,,,,,,https://www.brvm.org/fr/rapports-societe-cotes/lnb,missing_or_error,missing_report
LNB,2022,,,missing_report,no_candidate_for_fiscal_year,fy=2024 pub=2025 title=LOTERIE NATIONALE DU BENIN : Etats financiers - Exercice 2024 [score=60],0,,,,,,,,,,,,,,,,,,https://www.brvm.org/fr/rapports-societe-cotes/lnb,missing_or_error,missing_report
LNB,2023,,,missing_report,nearest_report_is_different_fiscal_year,fy=2024 pub=2025 title=LOTERIE NATIONALE DU BENIN : Etats financiers - Exercice 2024 [score=60],0,,,,,,,,,,,,,,,,,,https://www.brvm.org/fr/rapports-societe-cotes/lnb,missing_or_error,missing_report
LNB,2024,2025.0,2025-06-02,parsed_but_empty,ocr_extracted_no_core_metric,report=LOTERIE NATIONALE DU BENIN : Etats financiers - Exercice 2024,0,LOTERIE NATIONALE DU BENIN : Etats financiers - Exercice 2024,https://www.brvm.org/sites/default/files/20250602_-_etats_financiers_-_exercice_2024_-_lnb_bn.pdf,,,,,,,,,,,,,,,,https://www.brvm.org/fr/rapports-societe-cotes/lnb,missing_or_error,parsed_but_empty
LNB,2025,,,missing_report,nearest_report_is_different_fiscal_year,fy=2024 pub=2025 title=LOTERIE NATIONALE DU BENIN : Etats financiers - Exercice 2024 [score=60],0,,,,,,,,,,,,,,,,,,https://www.brvm.org/fr/rapports-societe-cotes/lnb,missing_or_error,missing_report
MOVIS CI,2020,,,missing_report,nearest_report_is_different_fiscal_year,fy=2019 pub=2020 title=MOVIS CÔTE D'IVOIRE : Etats financiers – Exercice 2019 [score=60],0,,,,,,,,,,,,,,,,,,https://www.brvm.org/fr/rapports-societe-cotes/movis-ci,missing_or_error,missing_report
MOVIS CI,2021,,,missing_report,no_candidate_for_fiscal_year,fy=2019 pub=2020 title=MOVIS CÔTE D'IVOIRE : Etats financiers – Exercice 2019 [score=60],0,,,,,,,,,,,,,,,,,,https://www.brvm.org/fr/rapports-societe-cotes/movis-ci,missing_or_error,missing_report
MOVIS CI,2022,,,missing_report,no_candidate_for_fiscal_year,fy=2019 pub=2020 title=MOVIS CÔTE D'IVOIRE : Etats financiers – Exercice 2019 [score=60],0,,,,,,,,,,,,,,,,,,https://www.brvm.org/fr/rapports-societe-cotes/movis-ci,missing_or_error,missing_report
MOVIS CI,2023,,,missing_report,no_candidate_for_fiscal_year,fy=2019 pub=2020 title=MOVIS CÔTE D'IVOIRE : Etats financiers – Exercice 2019 [score=60],0,,,,,,,,,,,,,,,,,,https://www.brvm.org/fr/rapports-societe-cotes/movis-ci,missing_or_error,missing_report
MOVIS CI,2024,,,missing_report,no_candidate_for_fiscal_year,fy=2019 pub=2020 title=MOVIS CÔTE D'IVOIRE : Etats financiers – Exercice 2019 [score=60],0,,,,,,,,,,,,,,,,,,https://www.brvm.org/fr/rapports-societe-cotes/movis-ci,missing_or_error,missing_report
MOVIS CI,2025,,,missing_report,no_candidate_for_fiscal_year,fy=2019 pub=2020 title=MOVIS CÔTE D'IVOIRE : Etats financiers – Exercice 2019 [score=60],0,,,,,,,,,,,,,,,,,,https://www.brvm.org/fr/rapports-societe-cotes/movis-ci,missing_or_error,missing_report
NEI-CEDA CI,2020,2021.0,2021-05-17,ok,,,8,NEI-CEDA CÔTE D'IVOIRE : Etats Financiers - Exercice 2020,https://www.brvm.org/sites/default/files/20210517_-_etats_financiers_-_exercice_2020_-_nei-ceda_ci.pdf,1365392841.0,800792587.0,7301216273.0,2777950849.0,9110103553.0,6332152704.0,8544536583.0,6230553750.0,0.1870089571307785,0.1096793406820918,0.2882673706369813,0.0879015899590181,2.2794329519110943,0.3049307653682166,1.3713928048530195,https://www.brvm.org/fr/rapports-societe-cotes/nei-ceda-ci,verified_like,passes_rule_checks
NEI-CEDA CI,2021,2022.0,2022-04-29,ok,,,8,NEI-CEDA : Etats financiers exercice 2021,https://www.brvm.org/sites/default/files/20220429_-_etats_financiers_exercice_2021_-_nei-ceda_ci.pdf,1787649834.0,980247893.0,8874246101.0,3758198742.0,4244297755.0,486099013.0,8008201421.0,392042294.0,0.2014424452121693,0.1104598499797678,0.2608291791610631,0.2309564383990774,0.1293436154846118,0.8854700963363491,20.42688134306244,https://www.brvm.org/fr/rapports-societe-cotes/nei-ceda-ci,verified_like,passes_rule_checks
NEI-CEDA CI,2022,2023.0,2023-05-12,ok,,,8,NEI-CEDA CI : Etats financiers exercice 2022,https://www.brvm.org/sites/default/files/20230512_-_etats_financiers_exercice_2022_-_nei-ceda_ci.pdf,1794653147.0,1212304460.0,8988063184.0,4970503202.0,5298200428.0,327697226.0,7248722711.0,235107602.0,0.1996707310863959,0.1348793878260747,0.2438997442979617,0.2288143826332422,0.0659283804239665,0.9381493338250888,30.83151139876796,https://www.brvm.org/fr/rapports-societe-cotes/nei-ceda-ci,verified_like,passes_rule_checks
NEI-CEDA CI,2023,2024.0,2024-04-22,ok,,,8,NEI CEDA CI : Etats financiers SYSCOHADA - Exercice 2023,https://www.brvm.org/sites/default/files/20240422_-_etats_financiers_syscohada_-_exercice_2023_-_nei_ceda_ci.pdf,1850072232.0,1167140182.0,8525436230.0,5637643384.0,5748166014.0,110522630.0,5807131931.0,30873108.0,0.2170061662639402,0.1369009339244098,0.2070262523721206,0.2030456634615911,0.019604402490883,0.9807725403666464,188.09677117703865,https://www.brvm.org/fr/rapports-societe-cotes/nei-ceda-ci,verified_like,passes_rule_checks
NEI-CEDA CI,2024,2025.0,2025-06-13,ok,,,8,NEI-CEDA MOTORS CÔTE D'IVOIRE : Etats financiers approuvés - Exercice 2024,https://www.brvm.org/sites/default/files/20250613_-_etats_financiers_approuves_-_exercice_2024_-_nei-ceda_ci.pdf,603453112.0,-759371358.0,6744255774.0,3718272021.0,5135661788.0,1417389767.0,4558602620.0,171850181.0,0.0894766053100168,-0.1125952786262165,-0.2042269510437197,-0.1478624156626413,0.3811958240265606,0.7240102978915246,26.526609360975883,https://www.brvm.org/fr/rapports-societe-cotes/nei-ceda-ci,verified_like,passes_rule_checks
NEI-CEDA CI,2025,2026.0,2026-04-23,ok,,,8,NEI CEDA CI : Etats financiers SYSCOHADA - Exercice 2025,https://www.brvm.org/sites/default/files/20260423_-_etats_financiers_syscohada_-_exercice_2025_-_nei_ceda_ci.pdf,1212792267.0,2036626234.0,5139206354.0,5754898260.0,7386931894.0,1632033634.0,649006892.0,1631946812.0,0.235988240880043,0.396291974618772,0.3538943943033321,0.2757066483385666,0.2835903538631802,0.7790647514530882,0.3976887526160381,https://www.brvm.org/fr/rapports-societe-cotes/nei-ceda-ci,verified_like,passes_rule_checks
NESTLE CI,2020,2021.0,2021-04-20,ok,,,8,NESTLE CÔTE D'IVOIRE : Etats Financiers - Exercice 2020,https://www.brvm.org/sites/default/files/20210420_-_etats_financiers_2020_-_nestle_ci.pdf,27076473678.0,20899537493.0,173224766894.0,1043156491.0,62617078194.0,61573921703.0,53398162616.0,45150107155.0,0.1563083279804249,0.1206498231617704,20.034901448933223,0.3337673697940541,59.02654322169194,0.016659296809859,1.182680750517036,https://www.brvm.org/fr/rapports-societe-cotes/nestle-ci,verified_like,passes_rule_checks
NESTLE CI,2021,2022.0,2022-04-14,parsed_but_empty,ocr_extracted_no_core_metric,report=NESTLE CI : Etats financiers exercice 2021,0,NESTLE CI : Etats financiers exercice 2021,https://www.brvm.org/sites/default/files/20220414_-_etats_financiers_exercice_2021_-_nestle_ci.pdf,,,,,,,,,,,,,,,,https://www.brvm.org/fr/rapports-societe-cotes/nestle-ci,missing_or_error,parsed_but_empty
NESTLE CI,2022,2023.0,2023-04-24,ok,partial_core_metrics,core_metrics_count=1; report=NESTLÉ CI : États financiers exercice 2022,1,NESTLÉ CI : États financiers exercice 2022,https://www.brvm.org/sites/default/files/20230424_-_etats_financiers_exercice_2022_-_nestle_ci.pdf,,,0.0,,,,,,,,,,,,,https://www.brvm.org/fr/rapports-societe-cotes/nestle-ci,needs_review,core_metrics<1;zero_revenue
NESTLE CI,2023,2024.0,2024-05-21,ok,,,7,NESTLE CI : Etats financiers - Exercice 2023,https://www.brvm.org/sites/default/files/20240521_-_etats_financiers_-_exercice_2023_-_nestle_ci.pdf,30164175277.0,16556698463.0,,5517600000.0,170579374762.0,165061774762.0,93269187627.0,59842981751.0,,,3.000706550492968,0.0970615497102193,29.91550216797158,0.0323462318213934,1.5585651800420428,https://www.brvm.org/fr/rapports-societe-cotes/nestle-ci,verified_like,passes_rule_checks
NESTLE CI,2024,2025.0,2025-05-05,parsed_but_empty,ocr_extracted_no_core_metric,report=NESTLE CÔTE D'IVOIRE : Etats financiers - Exercice 2024 (Annule et remplace le précédent),0,NESTLE CÔTE D'IVOIRE : Etats financiers - Exercice 2024 (Annule et remplace le précédent),https://www.brvm.org/sites/default/files/20250505_-_etats_financiers_-_exercice_2024_-_nestle_ci_annule_et_remplace_le_precedent.pdf,,,,,,,,,,,,,,,,https://www.brvm.org/fr/rapports-societe-cotes/nestle-ci,missing_or_error,parsed_but_empty
NESTLE CI,2025,,,missing_report,nearest_report_is_different_fiscal_year,fy=2024 pub=2025 title=NESTLE CÔTE D'IVOIRE : Etats financiers - Exercice 2024 (Annule et remplace le précédent) [score=60]; fy=2024 pub=2025 title=NESTLE CI : Etats financiers - Exercice 2024 [score=60],0,,,,,,,,,,,,,,,,,,https://www.brvm.org/fr/rapports-societe-cotes/nestle-ci,missing_or_error,missing_report
NOURMONY HOLDING,2020,,,missing_report,no_reports_found_on_company_page,,0,,,,,,,,,,,,,,,,,,https://www.brvm.org/fr/rapports-societe-cotes/nourmony-holding,missing_or_error,missing_report
NOURMONY HOLDING,2021,,,missing_report,no_reports_found_on_company_page,,0,,,,,,,,,,,,,,,,,,https://www.brvm.org/fr/rapports-societe-cotes/nourmony-holding,missing_or_error,missing_report
NOURMONY HOLDING,2022,,,missing_report,no_reports_found_on_company_page,,0,,,,,,,,,,,,,,,,,,https://www.brvm.org/fr/rapports-societe-cotes/nourmony-holding,missing_or_error,missing_report
NOURMONY HOLDING,2023,,,missing_report,no_reports_found_on_company_page,,0,,,,,,,,,,,,,,,,,,https://www.brvm.org/fr/rapports-societe-cotes/nourmony-holding,missing_or_error,missing_report
NOURMONY HOLDING,2024,,,missing_report,no_reports_found_on_company_page,,0,,,,,,,,,,,,,,,,,,https://www.brvm.org/fr/rapports-societe-cotes/nourmony-holding,missing_or_error,missing_report
NOURMONY HOLDING,2025,,,missing_report,no_reports_found_on_company_page,,0,,,,,,,,,,,,,,,,,,https://www.brvm.org/fr/rapports-societe-cotes/nourmony-holding,missing_or_error,missing_report
NSBC,2020,2021.0,2021-05-07,ok,,,7,NSIA BANQUE CÔTE D'IVOIRE : Etats Financiers - Exercice 2020,https://www.brvm.org/sites/default/files/20210507_-_etats_financiers_-_exercice_2020_-nsia_banque_ci.pdf,15258.0,13617.0,63150.0,101609.0,1193793.0,1092184.0,14429.0,,0.2416152019002375,0.2156294536817102,0.1340137192571524,0.0114065001218804,10.748890354200908,0.0851144210093374,,https://www.brvm.org/fr/rapports-societe-cotes/nsbc,verified_like,passes_rule_checks
NSBC,2021,2022.0,2022-04-01,ok,,,7,NSIA BANQUE CI : États financiers exercice 2021,https://www.brvm.org/sites/default/files/20220401_-_etats_financiers_exercice_2021_-_nsia_banque_ci.pdf,7830.0,7201.0,71364.0,108810.0,1549535.0,1440725.0,31373.0,,0.1097191861442744,0.1009052183173589,0.0661795790828048,0.0046472006117964,13.24074074074074,0.0702210663198959,,https://www.brvm.org/fr/rapports-societe-cotes/nsbc,verified_like,passes_rule_checks
NSBC,2022,2023.0,2023-03-31,ok,,,7,NSIA BANQUE CI : Etats financiers exercice 2022,https://www.brvm.org/sites/default/files/20230331_-_etats_financiers_exercice_2022_-_nsia_banque_ci.pdf,23151.0,23713.0,76622.0,132524.0,1644547.0,1512023.0,40113.0,,0.3021455978700634,0.3094803059173605,0.1789336271165977,0.0144191683180839,11.409427726298633,0.080583893315302,,https://www.brvm.org/fr/rapports-societe-cotes/nsbc,verified_like,passes_rule_checks
NSBC,2023,2024.0,2024-03-28,ok,,,7,NSIA BANQUE CI : Etats financiers - Exercice 2023,https://www.brvm.org/sites/default/files/20240328_-_etats_financiers_-_exercice_2023_-_nsia_banque_ci.pdf,25354.0,32382.0,80105.0,164905.0,1885056.0,1720151.0,57674.0,,0.3165095811747082,0.4042444291866924,0.1963676055910979,0.0171782695049908,10.431163397107426,0.0874801597406124,,https://www.brvm.org/fr/rapports-societe-cotes/nsbc,verified_like,passes_rule_checks
NSBC,2024,2025.0,2025-03-25,ok,,,7,NSIA BANQUE CÔTE D'IVOIRE : Etats financiers certifiés par les Commissaires Aux Comptes - Exercice 2024,https://www.brvm.org/sites/default/files/20250325_-_etats_financiers_certifies_par_les_commissaires_aux_comptes_-_exercice_2024_-_nsia_banque_ci.pdf,34546.0,34813.0,91002.0,59548.0,2037064.0,1977516.0,72526.0,,0.3796180303729588,0.3825520318234764,0.5846208101027742,0.0170897919751171,33.20877275475247,0.0292322676165304,,https://www.brvm.org/fr/rapports-societe-cotes/nsbc,verified_like,passes_rule_checks
NSBC,2025,,,missing_report,nearest_report_is_different_fiscal_year,fy=2024 pub=2025 title=NSIA BANQUE CÔTE D'IVOIRE : Etats financiers certifiés par les Commissaires Aux Comptes - Exercice 2024 [score=60],0,,,,,,,,,,,,,,,,,,https://www.brvm.org/fr/rapports-societe-cotes/nsbc,missing_or_error,missing_report
ONATEL BF,2020,2021.0,2021-06-02,ok,,,8,ONATEL BURKINA FASO : Etats financiers approuvés exercice 2020,https://www.brvm.org/sites/default/files/20210602_-_etats_financiers_approuves_exercice_2020_-_onatel_bf.pdf,48520694967.0,31051547884.0,157358290011.0,-30088640000.0,638176575869.0,83545139592.0,70255156278.0,77383420415.0,0.3083453370242406,0.197330232057233,-1.0320023731215502,0.0486566713009128,-2.7766339585969986,-0.047147828888938,0.907883832237296,https://www.brvm.org/fr/rapports-societe-cotes/onatel-bf,needs_review,non_positive_equity;balance_sheet_gap_gt_10pct
ONATEL BF,2021,2022.0,2022-04-20,ok,,,8,ONATEL BURKINA FASO : Etats financiers exercice 2021,https://www.brvm.org/sites/default/files/20220420_-_etats_financiers_exercice_2021_-_onatel_bf.pdf,48604853149.0,0.0,154881403105.0,73174192425.0,216671559878.0,143497367453.0,55817735227.0,84913996397.0,0.3138198142229439,0.0,0.0,0.0,1.9610379383425085,0.3377194148886073,0.6573443436348737,https://www.brvm.org/fr/rapports-societe-cotes/onatel-bf,verified_like,passes_rule_checks
ONATEL BF,2022,2023.0,2023-07-20,ok,,,8,ONATEL BURKINA FASO : Etats financiers certifiés et approuvés exercice 2022,https://www.brvm.org/sites/default/files/20230720_-_etats_financiers_certifies_et_approuves_exercice_2022_-_onatel_bf.pdf,35677978444.0,0.0,145625176508.0,63172382621.0,229231698328.0,166059315707.0,66799760418.0,104450207526.0,0.2449986966507814,0.0,0.0,0.0,2.6286695042557717,0.2755831025193067,0.6395368855669534,https://www.brvm.org/fr/rapports-societe-cotes/onatel-bf,verified_like,passes_rule_checks
ONATEL BF,2023,2024.0,2024-07-10,ok,,,8,MOOV AFRICA BF : (ex ONATEL BF) Etats financiers approuvés - Exercice 2023,https://www.brvm.org/sites/default/files/20240710_-_etats_financiers_approuves_-_exercice_2023_-_onatel_bf.pdf,33311787154.0,0.0,139153817144.0,61929278606.0,237579050409.0,175649771803.0,73044241854.0,108665077111.0,0.2393882384090699,0.0,0.0,0.0,2.8362961067333057,0.2606680955218347,0.6721961074889427,https://www.brvm.org/fr/rapports-societe-cotes/onatel-bf,verified_like,passes_rule_checks
ONATEL BF,2024,2025.0,2025-07-18,ok,,,8,MOOV AFRICA BURKINA FASO (ex ONATEL BF) : États financiers certifiés et approuvés Exercice 2024,https://www.brvm.org/sites/default/files/20250718_-_etats_financiers_certifies_et_approuves_exercice_2024_-_onatel_bf.pdf,33565159589.0,0.0,141841255383.0,62561325597.0,147340000510.0,84778674913.0,81368682963.0,17552461786.0,0.236638906630989,0.0,0.0,0.0,1.3551291329585475,0.4246051675067963,4.635741923557434,https://www.brvm.org/fr/rapports-societe-cotes/onatel-bf,verified_like,passes_rule_checks
ONATEL BF,2025,2026.0,2026-04-09,ok,,,8,ONATEL BURKIN FASO - Etats financiers - Exercice 2025,https://www.brvm.org/sites/default/files/20260409_-_etats_financiers_-_exercice_2025_-_onatel_bf.pdf,25665215120.0,15886921152.0,146176657128.0,57541603762.0,826786578374.0,205659518733.0,82298442903.0,147863552993.0,0.1755767003039766,0.1086830241171035,0.2760945144614059,0.0192152625206422,3.5741012639070004,0.0695966834333041,0.5565836965036007,https://www.brvm.org/fr/rapports-societe-cotes/onatel-bf,needs_review,balance_sheet_gap_gt_10pct
ORAGROUP,2020,,,ok,,,4,ORAGROUP TOGO : Etats Financiers consolidés - Exercice 2020,https://www.brvm.org/sites/default/files/etats_financiers_consolides_oragroup_avec_affectation_resultat_2020.pdf,,9440.0,155395.0,102855299520.0,,,223041.0,,,0.0607484153286785,9.177942258740312e-08,,,,,https://www.brvm.org/fr/rapports-societe-cotes/oragroup,needs_review,core_metrics<4
ORAGROUP,2021,2022.0,2022-04-26,ok,,,4,ORAGROUP TOGO : Etats financiers exercice 2021,https://www.brvm.org/sites/default/files/20220426_-_etats_financiers_exercice_2021_-_oragroup_tg.pdf,,19798.0,187315.0,104071471294.0,,,280753.0,,,0.1056936177028001,1.9023465080138066e-07,,,,,https://www.brvm.org/fr/rapports-societe-cotes/oragroup,needs_review,core_metrics<4
ORAGROUP,2022,2023.0,2023-04-26,ok,,,5,ORAGROUP TOGO : Etats financiers Exercice 2022,https://www.brvm.org/sites/default/files/20230426_-_etats_financiers_exercice_2022_-_oragroup_tg.pdf,24928.0,19199.0,222431.0,105279271414.0,,,225265.0,,0.1120707095683605,0.0863144076140466,1.8236258422136963e-07,,,,,https://www.brvm.org/fr/rapports-societe-cotes/oragroup,verified_like,passes_rule_checks
ORAGROUP,2023,2024.0,2024-04-29,ok,,,5,ORAGROUP TOGO : Etats financiers - Exercice 2023,https://www.brvm.org/sites/default/files/20240429_-_etats_financiers_-_exercice_2023_-_oragroup_togo.pdf,-32255.0,-18186.0,215280.0,109239219667.0,,,196553.0,,-0.1498281308063916,-0.0844760312151616,-1.6647866998169153e-07,,,,,https://www.brvm.org/fr/rapports-societe-cotes/oragroup,verified_like,passes_rule_checks
ORAGROUP,2024,2025.0,2025-04-30,ok,,,4,ORAGROUP TOGO : Etats financiers - Exercice 2024,https://www.brvm.org/sites/default/files/20250430_-_etats_financiers_-_exercice_2024_-_oragroup_tg.pdf,,-44363.0,195436.0,110449859409.0,,,235837.0,,,-0.2269950265048404,-4.016573695736645e-07,,,,,https://www.brvm.org/fr/rapports-societe-cotes/oragroup,needs_review,core_metrics<4
ORAGROUP,2025,,,missing_report,nearest_report_is_different_fiscal_year,fy=2024 pub=2025 title=ORAGROUP TOGO : Etats financiers - Exercice 2024 [score=60],0,,,,,,,,,,,,,,,,,,https://www.brvm.org/fr/rapports-societe-cotes/oragroup,missing_or_error,missing_report
ORANGE CI,2020,,,missing_report,no_candidate_for_fiscal_year,fy=2023 pub=2024 title=ORANGE CI : Etats financiers - Exercice 2023 [score=60]; fy=2025 pub=2026 title=ORANGE CI : Etats financiers - Exercice 2025 [score=60]; fy=2022 pub=2023 title=ORANGE CI : Etats financiers Consolidés exercice 2022 [score=60],0,,,,,,,,,,,,,,,,,,https://www.brvm.org/fr/rapports-societe-cotes/orange-ci,missing_or_error,missing_report
ORANGE CI,2021,,,missing_report,nearest_report_is_different_fiscal_year,fy=2022 pub=2023 title=ORANGE CI : Etats financiers Consolidés exercice 2022 [score=60],0,,,,,,,,,,,,,,,,,,https://www.brvm.org/fr/rapports-societe-cotes/orange-ci,missing_or_error,missing_report
ORANGE CI,2022,2023.0,2023-02-14,ok,,,8,ORANGE CI : Etats financiers Consolidés exercice 2022,https://www.brvm.org/sites/default/files/20230214_-_etats_financiers_consolides_exercice_2022_-_orange_ci.pdf,260834.0,153485.0,965025.0,642547.0,2017757.0,329078.0,399056.0,329078.0,0.2702872982565218,0.1590476930649465,0.2388696857973035,0.0760671379160126,0.5121461931967622,0.318446175629672,1.2126486729589945,https://www.brvm.org/fr/rapports-societe-cotes/orange-ci,needs_review,balance_sheet_gap_gt_10pct
ORANGE CI,2023,2024.0,2024-02-21,ok,,,8,ORANGE CI : Etats financiers - Exercice 2023,https://www.brvm.org/sites/default/files/20240221_-_resultats_financiers_consolides_2023_-_orange_ci.pdf,258.0,154.9,1016.5,627178.0,2074719.0,526703.0,475016.0,526703.0,0.2538121003443187,0.1523856369896704,0.0002469793264432,7.466071308933885e-05,0.8397982709852705,0.3022953951836369,0.9018668965242272,https://www.brvm.org/fr/rapports-societe-cotes/orange-ci,needs_review,balance_sheet_gap_gt_10pct
ORANGE CI,2024,2025.0,2025-02-21,ok,,,8,ORANGE CÔTE D'IVOIRE : Etats financiers - Exercice 2024,https://www.brvm.org/sites/default/files/20250221_-_etats_financiers_-_exercice_2024_-_orange_ci.pdf,263.2,158.2,1084.1,713.8,2309.1,6.3,5.5,6.3,0.2427820311779356,0.1459274974633336,0.2216307088820397,0.0685115412931445,0.0088260016811431,0.3091247672253259,0.873015873015873,https://www.brvm.org/fr/rapports-societe-cotes/orange-ci,needs_review,balance_sheet_gap_gt_10pct
ORANGE CI,2025,2026.0,2026-02-17,ok,,,8,ORANGE CI : Etats financiers - Exercice 2025,https://www.brvm.org/sites/default/files/20260217_-_etats_financiers_-_exercice_2025_-_orange_ci.pdf,287.2,167.8,1197.1,707.8,2554.1,6.3,5.5,6.3,0.2399131233815053,0.1401720825327876,0.2370726193840068,0.0656982890254884,0.0089008194405199,0.2771230570455346,0.873015873015873,https://www.brvm.org/fr/rapports-societe-cotes/orange-ci,needs_review,balance_sheet_gap_gt_10pct
PALM CI,2020,2021.0,2021-05-04,ok,,,8,PALM CÔTE D'IVOIRE : Etats Financiers - Exercice 2020,https://www.brvm.org/sites/default/files/20210504_-_etats_financiers_-_exercice_2020_-_palm_ci.pdf,5512352378.0,3521647345.0,119759702243.0,69201263090.0,138598826714.0,69397563624.0,30863321421.0,23476478355.0,0.0460284409092391,0.0294059460656837,0.0508899287057796,0.0254089260962284,1.0028366611422208,0.4992918391206692,1.3146486859868722,https://www.brvm.org/fr/rapports-societe-cotes/palm-ci,verified_like,passes_rule_checks
PALM CI,2021,2022.0,2022-04-26,ok,,,8,PALM CI : Etats financiers exercice 2021,https://www.brvm.org/sites/default/files/20220426_-_etats_financiers_exercice_2021_-_palm_ci.pdf,56689991420.0,42473119895.0,195659428255.0,109913559311.0,167045712552.0,57132153241.0,62919277888.0,37448887226.0,0.2897381021992806,0.217076786300558,0.3864229323592594,0.2542604610805468,0.5197916762875887,0.6579849170135676,1.6801374499671762,https://www.brvm.org/fr/rapports-societe-cotes/palm-ci,verified_like,passes_rule_checks
PALM CI,2022,2023.0,2023-04-25,ok,,,8,PALM CÔTE D'IVOIRE : États financiers exercice 2022,https://www.brvm.org/sites/default/files/20230425_-_etats_financiers_exercice_2022_-_palm_ci.pdf,56649930999.0,41693172115.0,232712921927.0,130370171479.0,214327417788.0,83957246309.0,89609941187.0,70900106621.0,0.2434326831956954,0.1791613966674303,0.3198060694559715,0.1945302777652107,0.6439912240394945,0.6082757531654418,1.2638900765835843,https://www.brvm.org/fr/rapports-societe-cotes/palm-ci,verified_like,passes_rule_checks
PALM CI,2023,,,missing_report,nearest_report_is_different_fiscal_year,fy=2024 pub=2025 title=PALM CÔTE D'IVOIRE : Etats financiers provisoires validés par le Conseil d'Administration - Exercice 2024 [score=70]; fy=2022 pub=2023 title=PALM CÔTE D'IVOIRE : États financiers exercice 2022 [score=60],0,,,,,,,,,,,,,,,,,,https://www.brvm.org/fr/rapports-societe-cotes/palm-ci,missing_or_error,missing_report
PALM CI,2024,2025.0,2025-04-17,ok,,,8,PALM CÔTE D'IVOIRE : Etats financiers provisoires validés par le Conseil d'Administration - Exercice 2024,https://www.brvm.org/sites/default/files/20250417_-_etats_financiers_provisoires_valides_par_le_ca_-_exercice_2024_-_palm_ci.pdf,19393765.0,15861643.0,172182502.0,135061151.0,202603319.0,60092981.0,93705506.0,41473506.0,0.1126349354593534,0.0921211087988488,0.1174404548055421,0.0782891567536462,0.4449316517375155,0.6666285215199264,2.259406426840306,https://www.brvm.org/fr/rapports-societe-cotes/palm-ci,verified_like,passes_rule_checks
PALM CI,2025,2026.0,2026-03-23,ok,,,8,PALM CI - Etats financiers - Exercice 2025,https://www.brvm.org/sites/default/files/20260323_-_etats_financiers_-_exercice_2025_-_palm_ci.pdf,18163004.0,15508655.0,197629996.0,142638984.0,199116293.0,56477309.0,86256798.0,41633570.0,0.0919040852482737,0.0784731837974636,0.1087266227302909,0.077887423305937,0.3959458166078917,0.7163601825391557,2.0718088311907916,https://www.brvm.org/fr/rapports-societe-cotes/palm-ci,verified_like,passes_rule_checks
SAFCA CI,2020,2021.0,2021-06-04,ok,,,7,SAFCA CI : Etats financiers exercice 2020,https://www.brvm.org/sites/default/files/20210604_-_etats_financiers_exercice_2020_-_safca_ci.pdf,1.403,1.64,3.414,3.248,66.533,63.285,12.162,,0.4109548916227299,0.4803749267721148,0.5049261083743841,0.024649422091293,19.48429802955665,0.0488178798490974,,https://www.brvm.org/fr/rapports-societe-cotes/safca-ci,verified_like,passes_rule_checks
SAFCA CI,2021,2022.0,2022-04-25,ok,,,7,SAFCA CI : Etats financiers exercice 2021,https://www.brvm.org/sites/default/files/20220425_-_etats_financiers_exercice_2021_-_safca_ci.pdf,550.0,603.0,3567.0,6195.0,64690.0,58495.0,9015.0,,0.1541911970843846,0.169049621530698,0.0973365617433414,0.0093213788839078,9.44229217110573,0.0957644149018395,,https://www.brvm.org/fr/rapports-societe-cotes/safca-ci,verified_like,passes_rule_checks
SAFCA CI,2022,,,missing_report,nearest_report_is_different_fiscal_year,fy=2021 pub=2022 title=SAFCA CI : Etats financiers exercice 2021 [score=60],0,,,,,,,,,,,,,,,,,,https://www.brvm.org/fr/rapports-societe-cotes/safca-ci,missing_or_error,missing_report
SAFCA CI,2023,,,missing_report,nearest_report_is_different_fiscal_year,fy=2024 pub=2025 title=SAFCA CÔTE D'IVOIRE : Etats financiers - Exercice 2024 [score=60],0,,,,,,,,,,,,,,,,,,https://www.brvm.org/fr/rapports-societe-cotes/safca-ci,missing_or_error,missing_report
SAFCA CI,2024,2025.0,2025-07-03,ok,,,7,SAFCA CÔTE D'IVOIRE : Etats financiers - Exercice 2024,https://www.brvm.org/sites/default/files/20250703_-_etats_finaniers_-_exercice_2024_-_safca_ci.pdf,-422.0,-579.0,3693.0,5380.0,70073.0,64693.0,5146.0,,-0.1142702409964798,-0.1567831031681559,-0.1076208178438661,-0.0082628116392904,12.024721189591078,0.0767770753357213,,https://www.brvm.org/fr/rapports-societe-cotes/safca-ci,verified_like,passes_rule_checks
SAFCA CI,2025,,,missing_report,nearest_report_is_different_fiscal_year,fy=2024 pub=2025 title=SAFCA CÔTE D'IVOIRE : Etats financiers - Exercice 2024 [score=60],0,,,,,,,,,,,,,,,,,,https://www.brvm.org/fr/rapports-societe-cotes/safca-ci,missing_or_error,missing_report
SANCFIS FASO SA,2020,,,missing_report,no_reports_found_on_company_page,,0,,,,,,,,,,,,,,,,,,https://www.brvm.org/fr/rapports-societe-cotes/sancfis-faso-sa,missing_or_error,missing_report
SANCFIS FASO SA,2021,,,missing_report,no_reports_found_on_company_page,,0,,,,,,,,,,,,,,,,,,https://www.brvm.org/fr/rapports-societe-cotes/sancfis-faso-sa,missing_or_error,missing_report
SANCFIS FASO SA,2022,,,missing_report,no_reports_found_on_company_page,,0,,,,,,,,,,,,,,,,,,https://www.brvm.org/fr/rapports-societe-cotes/sancfis-faso-sa,missing_or_error,missing_report
SANCFIS FASO SA,2023,,,missing_report,no_reports_found_on_company_page,,0,,,,,,,,,,,,,,,,,,https://www.brvm.org/fr/rapports-societe-cotes/sancfis-faso-sa,missing_or_error,missing_report
SANCFIS FASO SA,2024,,,missing_report,no_reports_found_on_company_page,,0,,,,,,,,,,,,,,,,,,https://www.brvm.org/fr/rapports-societe-cotes/sancfis-faso-sa,missing_or_error,missing_report
SANCFIS FASO SA,2025,,,missing_report,no_reports_found_on_company_page,,0,,,,,,,,,,,,,,,,,,https://www.brvm.org/fr/rapports-societe-cotes/sancfis-faso-sa,missing_or_error,missing_report
SAPH CI,2020,2021.0,2021-04-23,ok,,,8,SAPH CÔTE D'IVOIRE : Etats Financiers - Exercice 2020,https://www.brvm.org/sites/default/files/20210423_-_etats_financiers_-_exercice_2020_-_saph_ci.pdf,10954030372.0,7493033989.0,158789037442.0,84004628.0,157131875799.0,157047871171.0,59642514092.0,20435528108.0,0.0689848024048959,0.0471886101818391,89.19787120538169,0.0476862759443217,1869.5145125932825,0.0005346122648434,2.918569746609653,https://www.brvm.org/fr/rapports-societe-cotes/saph-ci,verified_like,passes_rule_checks
SAPH CI,2021,2022.0,2022-08-23,ok,,,8,SAPH CI : États financiers certifiés et approuvé - Exercice 2021,https://www.brvm.org/sites/default/files/20220823_-_etats_financiers_certifies_et_approuves_-_saph_ci.pdf,27558059338.0,20750470464.0,208794460641.0,8649304155.0,73120333971.0,64471029816.0,72767075511.0,22857875907.0,0.1319865443431623,0.0993822843781197,2.399091313259523,0.2837852254918552,7.453897869776092,0.1182886303340787,3.183457457161004,https://www.brvm.org/fr/rapports-societe-cotes/saph-ci,verified_like,passes_rule_checks
SAPH CI,2022,2023.0,2023-08-02,ok,,,8,SAPH CI: Etats financiers certifiés et approuvés - Exercice 2022,https://www.brvm.org/sites/default/files/20230802_-_etats_financiers_certifies_et_approuves_-_exercice_2022_-_saph_ci.pdf,26283237143.0,16700611131.0,224421228771.0,8649304155.0,82396462858.0,73747158703.0,71580787750.0,31646046844.0,0.1171156458189589,0.0744163607982083,1.930861816363076,0.2026860201484791,8.526368986615894,0.1049717895039498,2.261918782553136,https://www.brvm.org/fr/rapports-societe-cotes/saph-ci,verified_like,passes_rule_checks
SAPH CI,2023,2024.0,2024-07-18,ok,,,8,SAPH CI : Etats financiers certifiés et approuvés par les Commissaires Aux Comptes - Exercice 2023 - SYSCOHADA,https://www.brvm.org/sites/default/files/20240718_-_etats_financiers_certifies_et_approuves_par_les_cac_-_exercice_2023_-_syscohada_-_saph_ci.pdf,7351109818.0,3635138559.0,206469431933.0,8649304155.0,204450597086.0,195801292931.0,73254801209.0,32424987855.0,0.0356038651783836,0.0176061827892257,0.4202810415562268,0.0177800339583792,22.637808709479938,0.0423051058704502,2.259208285183797,https://www.brvm.org/fr/rapports-societe-cotes/saph-ci,verified_like,passes_rule_checks
SAPH CI,2024,2025.0,2025-03-19,ok,,,8,SAPH CÔTE D'IVOIRE : Etats financiers certifiés par les Commissaires Aux Comptes - Exercice 2024,https://www.brvm.org/sites/default/files/20250319_-_etats_financiers_certifies_par_les_cacs_-_exercice_2024_-_saph_ci.pdf,29445590532.0,18790217905.0,279437727425.0,8649304155.0,230857468705.0,222208164550.0,99086053335.0,32917169803.0,0.1053744274380526,0.0672429527614277,2.1724542886074514,0.0813931557441227,25.690871839851493,0.0374659923437541,3.0101632044310658,https://www.brvm.org/fr/rapports-societe-cotes/saph-ci,verified_like,passes_rule_checks
SAPH CI,2025,2026.0,2026-03-18,ok,,,8,SAPH CI - Etats financiers SYSCOHADA - Exercice 2025,https://www.brvm.org/sites/default/files/20260318_-_etats_financiers_syscohada_-_exercice_2025_-_saph_ci.pdf,38134121165.0,24972070150.0,340830548704.0,8649304155.0,96555131405.0,87905827250.0,1016146221799.0,36225398864.0,0.11188586618777,0.0732682860880742,2.8871767835293567,0.2586301710393286,10.163340966473388,0.0895789175483645,28.05065654663705,https://www.brvm.org/fr/rapports-societe-cotes/saph-ci,verified_like,passes_rule_checks
SDMA S.A,2020,,,missing_report,no_reports_found_on_company_page,,0,,,,,,,,,,,,,,,,,,https://www.brvm.org/fr/rapports-societe-cotes/sdma-sa,missing_or_error,missing_report
SDMA S.A,2021,,,missing_report,no_reports_found_on_company_page,,0,,,,,,,,,,,,,,,,,,https://www.brvm.org/fr/rapports-societe-cotes/sdma-sa,missing_or_error,missing_report
SDMA S.A,2022,,,missing_report,no_reports_found_on_company_page,,0,,,,,,,,,,,,,,,,,,https://www.brvm.org/fr/rapports-societe-cotes/sdma-sa,missing_or_error,missing_report
SDMA S.A,2023,,,missing_report,no_reports_found_on_company_page,,0,,,,,,,,,,,,,,,,,,https://www.brvm.org/fr/rapports-societe-cotes/sdma-sa,missing_or_error,missing_report
SDMA S.A,2024,,,missing_report,no_reports_found_on_company_page,,0,,,,,,,,,,,,,,,,,,https://www.brvm.org/fr/rapports-societe-cotes/sdma-sa,missing_or_error,missing_report
SDMA S.A,2025,,,missing_report,no_reports_found_on_company_page,,0,,,,,,,,,,,,,,,,,,https://www.brvm.org/fr/rapports-societe-cotes/sdma-sa,missing_or_error,missing_report
SERVAIR ABIDJAN CI,2020,2021.0,2021-08-27,ok,,,7,SERVAIR ABIDJAN CI : Etats financiers annuels IFRS 2020,https://www.brvm.org/sites/default/files/20210827_-_etats_financiers_annuels_ifrs_2020_-_servair_abidjan_ci.pdf,-976.0,13.0,5708.0,3684.0,7497.0,25.0,19.0,,-0.1709880868955851,0.0022775052557813,0.003528773072747,0.0017340269441109,0.006786102062975,0.4913965586234494,,https://www.brvm.org/fr/rapports-societe-cotes/servair-abidjan-ci,needs_review,balance_sheet_gap_gt_10pct
SERVAIR ABIDJAN CI,2021,2022.0,2022-06-17,ok,,,8,SERVAIR ABIDJAN CI : Etats Financiers exercice 2021,https://www.brvm.org/sites/default/files/20220617_-_etats_financiers_exercice_2021_-_servair_abidjan_ci.pdf,904931750.0,953353113.0,8377372850.0,4000819796.0,4917503964.0,916684168.0,2990161902.0,420311328.0,0.1080209471636445,0.1138009648215669,0.2382894410673426,0.1938693125576095,0.2291240832482623,0.813587508070995,7.114159678323017,https://www.brvm.org/fr/rapports-societe-cotes/servair-abidjan-ci,verified_like,passes_rule_checks
SERVAIR ABIDJAN CI,2022,2023.0,2023-06-02,ok,,,8,SERVAIR ABIDJAN CI : Etats financiers exercice 2022 SYSCOHADA,https://www.brvm.org/sites/default/files/20230602_-_etats_financiers_exercice_2022_syscohada_-_servair_abidjan_ci.pdf,1870413228.0,1268616196.0,10804244269.0,4569435992.0,9672094769.0,5102658777.0,3788557323.0,5051158777.0,0.1731183765778667,0.1174183186176165,0.2776308056882833,0.1311625068093871,1.116693348136082,0.4724349896410739,0.7500372667457726,https://www.brvm.org/fr/rapports-societe-cotes/servair-abidjan-ci,verified_like,passes_rule_checks
SERVAIR ABIDJAN CI,2023,2024.0,2024-08-19,ok,,,8,SERVAIR ABIDJAN CI : Etats financiers approuvés - Exercice 2023,https://www.brvm.org/sites/default/files/20240819_-_etats_financiers_approuves_-_exercice_2023_-_servair_abidjan_ci.pdf,1967.0,1358.0,17.0,5167.0,12884.0,6395.0,26.0,6370.0,115.70588235294116,79.88235294117646,0.2628217534352622,0.1054020490530891,1.2376620863170118,0.4010400496740143,0.0040816326530612,https://www.brvm.org/fr/rapports-societe-cotes/servair-abidjan-ci,needs_review,balance_sheet_gap_gt_10pct;extreme_net_margin
SERVAIR ABIDJAN CI,2024,2025.0,2025-04-30,ok,,,7,SERVAIR ABIDJAN CÔTE D'IVOIRE : Etats financiers - Norme SYSCOHADA - Exercice 2024,https://www.brvm.org/sites/default/files/20250430_-_etats_financiers_-_norme_syscohada_-_exercice_2024_-_servair_abidjan_ci.pdf,,0.0,3.0,0.0,2024.0,2024.0,0.0,0.0,,0.0,,0.0,,0.0,,https://www.brvm.org/fr/rapports-societe-cotes/servair-abidjan-ci,needs_review,non_positive_equity
SERVAIR ABIDJAN CI,2025,2026.0,2026-04-27,ok,,,7,SERVAIR ABIDJAN CI : Etats financiers SYSCOHADA - Exercice 2025,https://www.brvm.org/sites/default/files/20260427_-_etats_financiers_syscohada_-_exercice_2025_-_servair_abidjan_ci.pdf,,1350660521.0,13298319225.0,13303123200.0,17370701747.0,4067578547.0,3883484104.0,3626035045.0,,0.1015662579719731,0.1015295807378525,0.0777550924926372,0.3057611724591109,0.7658368322567919,1.0710001574185006,https://www.brvm.org/fr/rapports-societe-cotes/servair-abidjan-ci,verified_like,passes_rule_checks
SETAO CI,2020,2021.0,2021-04-29,ok,,,7,SETAO CI : Etats Financiers - Exercice 2020,https://www.brvm.org/sites/default/files/20210429_-_etats_financiers_-_exercice_2020_-_setao_ci.pdf,3108191.0,2320633.0,,2845997.0,18586404.0,15370669.0,12503038.0,14615490.0,,,0.8154024758283301,0.1248564811138292,5.400802952357293,0.1531225190198168,0.855464852700799,https://www.brvm.org/fr/rapports-societe-cotes/setao-ci,verified_like,passes_rule_checks
SETAO CI,2021,2022.0,2022-04-26,ok,,,7,SETAO CI : Etats financiers exercice 2021,https://www.brvm.org/sites/default/files/20220426_-_etats_financiers_exercice_2021_-_setao_ci.pdf,1286674.0,1119448.0,,2977605.0,16260295.0,13282535.0,7291396.0,12769570.0,,,0.3759558437066031,0.068845491425586,4.460811625450656,0.1831212164354951,0.5709977704809167,https://www.brvm.org/fr/rapports-societe-cotes/setao-ci,verified_like,passes_rule_checks
SETAO CI,2022,2023.0,2023-04-26,ok,,,7,SETAO CÔTE D'IVOIRE : Etats financiers Exercice 2022,https://www.brvm.org/sites/default/files/20230426_-_etats_financiers_exercice_2022_-_setao_ci.pdf,-106831.0,-70544.0,,1919221.0,15068264.0,13149043.0,8150698.0,12729020.0,,,-0.0367565798831921,-0.0046816275584234,6.851239643584559,0.1273684214717767,0.640324078365813,https://www.brvm.org/fr/rapports-societe-cotes/setao-ci,verified_like,passes_rule_checks
SETAO CI,2023,2024.0,2024-04-12,ok,,,7,SETAO CI : Résultats financiers provisoires - Exercice 2023,https://www.brvm.org/sites/default/files/20240412_-_resultats_financiers_provisoires_-_exercice_2023_-_setao_ci.pdf,-1136144.0,-1117719.0,,801502.0,11329611.0,10418043.0,6577469.0,9153452.0,,,-1.39453051895067,-0.0986546669607632,12.99814972389339,0.0707439999484536,0.7185779747356517,https://www.brvm.org/fr/rapports-societe-cotes/setao-ci,verified_like,passes_rule_checks
SETAO CI,2024,2025.0,2025-04-10,ok,,,7,SETAO CÔTE D'IVOIRE : Etats financiers provisoires - Exercice 2024,https://www.brvm.org/sites/default/files/20250410_-_etats_financiers_provisoires_-_exercice_2024_-_setao_ci.pdf,-1007887.0,-348195.0,,453306.0,7378386.0,6885151.0,3307131.0,6472894.0,,,-0.7681235192121878,-0.0471912149892944,15.188748880447204,0.0614370134606674,0.5109199996168639,https://www.brvm.org/fr/rapports-societe-cotes/setao-ci,verified_like,passes_rule_checks
SETAO CI,2025,2026.0,2026-04-13,ok,,,7,SETAO CI : Etats financiers - Exercice 2025,https://www.brvm.org/sites/default/files/20260413_-_etats_financiers_-_exercice_2025_-_setao_ci.pdf,-771953.0,-96558.0,,356746.0,5446509.0,5089763.0,3695985.0,4626456.0,,,-0.2706631609043969,-0.0177284201678543,14.267190101640944,0.0654999376664942,0.7988803957067786,https://www.brvm.org/fr/rapports-societe-cotes/setao-ci,verified_like,passes_rule_checks
SGCI,2020,,,missing_report,nearest_report_is_different_fiscal_year,fy=2019 pub=2020 title=SOCIETE GENERALE CI : Etats financiers certifiés et approuvés exercice 2019 (Annule et remplace le précédent) [score=95]; fy=2019 pub=2020 title=SOCIETE GENERALE CI : Etats financiers certifiés et approuvés exercice 2019 [score=95]; fy=2021 pub=2022 title=SOCIÉTÉ GENERALE CI : États financiers certifiés Exercice 2021 [score=60],0,,,,,,,,,,,,,,,,,,https://www.brvm.org/fr/rapports-societe-cotes/sgci,missing_or_error,missing_report
SGCI,2021,2022.0,2022-06-30,ok,,,5,SOCIÉTÉ GENERALE CI : États financiers certifiés Exercice 2021,https://www.brvm.org/sites/default/files/20220630_-_etats_financiers_certifies_exercice_2021_-_societe_generale_ci_0.pdf,80504.0,67438.0,189096.0,304993.0,,,44234.0,,0.4257308457080002,0.3566336675551043,0.2211132714521317,,,,,https://www.brvm.org/fr/rapports-societe-cotes/sgci,verified_like,passes_rule_checks
SGCI,2022,,,missing_report,nearest_report_is_different_fiscal_year,fy=2021 pub=2022 title=SOCIÉTÉ GENERALE CI : États financiers certifiés Exercice 2021 [score=60]; fy=2021 pub=2022 title=SOCIETE GENERALE CI : États financiers exercice 2021 [score=60],0,,,,,,,,,,,,,,,,,,https://www.brvm.org/fr/rapports-societe-cotes/sgci,missing_or_error,missing_report
SGCI,2023,,,missing_report,no_candidate_for_fiscal_year,fy=2019 pub=2020 title=SOCIETE GENERALE CI : Etats financiers certifiés et approuvés exercice 2019 [score=95]; fy=2019 pub=2020 title=SOCIETE GENERALE CI : Etats financiers certifiés et approuvés exercice 2019 (Annule et remplace le précédent) [score=95]; fy=2019 pub=2020 title=SOCIETE GENERALE CI : Etats financiers exercice 2019 [score=60],0,,,,,,,,,,,,,,,,,,https://www.brvm.org/fr/rapports-societe-cotes/sgci,missing_or_error,missing_report
SGCI,2024,,,missing_report,no_candidate_for_fiscal_year,fy=2019 pub=2020 title=SOCIETE GENERALE CI : Etats financiers certifiés et approuvés exercice 2019 [score=95]; fy=2019 pub=2020 title=SOCIETE GENERALE CI : Etats financiers certifiés et approuvés exercice 2019 (Annule et remplace le précédent) [score=95]; fy=2019 pub=2020 title=SOCIETE GENERALE CI : Etats financiers exercice 2019 [score=60],0,,,,,,,,,,,,,,,,,,https://www.brvm.org/fr/rapports-societe-cotes/sgci,missing_or_error,missing_report
SGCI,2025,,,missing_report,no_candidate_for_fiscal_year,fy=2019 pub=2020 title=SOCIETE GENERALE CI : Etats financiers certifiés et approuvés exercice 2019 [score=95]; fy=2019 pub=2020 title=SOCIETE GENERALE CI : Etats financiers certifiés et approuvés exercice 2019 (Annule et remplace le précédent) [score=95]; fy=2019 pub=2020 title=SOCIETE GENERALE CI : Etats financiers exercice 2019 [score=60],0,,,,,,,,,,,,,,,,,,https://www.brvm.org/fr/rapports-societe-cotes/sgci,missing_or_error,missing_report
SIB,2020,2021.0,2021-07-12,ok,,,7,SIB CI : Etats financiers certifiés et approuvés - exercice 2020,https://www.brvm.org/sites/default/files/20210712_-_etats_financiers_certifies_et_approuves_-_exercice_2020_-_sib_ci.pdf,33624.0,28057.0,71887.0,101506.0,1099398.0,997892.0,25930.0,,0.4677340826575041,0.3902930988913155,0.2764073059720607,0.0255203302170824,9.830867140858668,0.0923287108035488,,https://www.brvm.org/fr/rapports-societe-cotes/sib,verified_like,passes_rule_checks
SIB,2021,,,missing_report,nearest_report_is_different_fiscal_year,fy=2020 pub=2021 title=SIB CI : Etats financiers certifiés et approuvés - exercice 2020 [score=95]; fy=2020 pub=2021 title=SIB CÔTE D'IVOIRE : Etats Financiers - Exercice 2020 [score=60],0,,,,,,,,,,,,,,,,,,https://www.brvm.org/fr/rapports-societe-cotes/sib,missing_or_error,missing_report
SIB,2022,,,missing_report,no_candidate_for_fiscal_year,fy=2020 pub=2021 title=SIB CI : Etats financiers certifiés et approuvés - exercice 2020 [score=95]; fy=2019 pub=2020 title=SIB CI : Etats financiers exercice 2019 [score=60]; fy=2020 pub=2021 title=SIB CÔTE D'IVOIRE : Etats Financiers - Exercice 2020 [score=60],0,,,,,,,,,,,,,,,,,,https://www.brvm.org/fr/rapports-societe-cotes/sib,missing_or_error,missing_report
SIB,2023,,,missing_report,no_candidate_for_fiscal_year,fy=2020 pub=2021 title=SIB CI : Etats financiers certifiés et approuvés - exercice 2020 [score=95]; fy=2019 pub=2020 title=SIB CI : Etats financiers exercice 2019 [score=60]; fy=2020 pub=2021 title=SIB CÔTE D'IVOIRE : Etats Financiers - Exercice 2020 [score=60],0,,,,,,,,,,,,,,,,,,https://www.brvm.org/fr/rapports-societe-cotes/sib,missing_or_error,missing_report
SIB,2024,,,missing_report,no_candidate_for_fiscal_year,fy=2020 pub=2021 title=SIB CI : Etats financiers certifiés et approuvés - exercice 2020 [score=95]; fy=2019 pub=2020 title=SIB CI : Etats financiers exercice 2019 [score=60]; fy=2020 pub=2021 title=SIB CÔTE D'IVOIRE : Etats Financiers - Exercice 2020 [score=60],0,,,,,,,,,,,,,,,,,,https://www.brvm.org/fr/rapports-societe-cotes/sib,missing_or_error,missing_report
SIB,2025,,,missing_report,no_candidate_for_fiscal_year,fy=2020 pub=2021 title=SIB CI : Etats financiers certifiés et approuvés - exercice 2020 [score=95]; fy=2019 pub=2020 title=SIB CI : Etats financiers exercice 2019 [score=60]; fy=2020 pub=2021 title=SIB CÔTE D'IVOIRE : Etats Financiers - Exercice 2020 [score=60],0,,,,,,,,,,,,,,,,,,https://www.brvm.org/fr/rapports-societe-cotes/sib,missing_or_error,missing_report
SICABLE,2020,,,ok,,,8,SICABLE CI : Etats financiers exercice 2020,https://www.brvm.org/sites/default/files/etats_financiers_exercice_2020_-_sicable_ci.pdf,1662125484.0,1166658052.0,18897903618.0,493333333.0,13385894278.0,6648787201.0,1704773423.0,4176254506.0,0.0879529030096675,0.0617347868622196,2.3648474043005727,0.0871557796416655,13.477271362484643,0.0368547160730832,0.4082063055665698,https://www.brvm.org/fr/rapports-societe-cotes/sicable,needs_review,balance_sheet_gap_gt_10pct
SICABLE,2021,2022.0,2022-03-22,ok,,reconciled_from_cache_candidate,8,SICABLE CI : États financiers exercice 2021,https://www.brvm.org/sites/default/files/20220322_-_etats_financiers_exercice_2021_-_sicable_ci.pdf,628129534.0,40094693.0,19036863791.0,2472532695.0,9349424605.0,6876891910.0,1704773423.0,3438445955.0,0.032995431437449214,0.0021061606281469244,0.01621604158403252,0.004288466370278837,2.781314853351211,0.2644582741142924,0.49579764966816237,https://www.brvm.org/fr/rapports-societe-cotes/sicable,verified_like,reconciled_from_cache_candidate
SICABLE,2022,,,missing_report,nearest_report_is_different_fiscal_year,fy=2021 pub=2022 title=SICABLE CI : États financiers exercice 2021 [score=60],0,,,,,,,,,,,,,,,,,,https://www.brvm.org/fr/rapports-societe-cotes/sicable,missing_or_error,missing_report
SICABLE,2023,,,missing_report,nearest_report_is_different_fiscal_year,fy=2024 pub=2025 title=SICABLE CÔTE D'IVOIRE : Etats financiers non approuvés par l'AG et vérifiés par les Commissaires Aux Comptes - Exercice 2024 [score=95]; fy=2024 pub=2025 title=SICABLE CÔTE D'IVOIRE : Etats financiers - Exercice 2024 [score=60],0,,,,,,,,,,,,,,,,,,https://www.brvm.org/fr/rapports-societe-cotes/sicable,missing_or_error,missing_report
SICABLE,2024,2025.0,2025-03-13,ok,,,8,SICABLE CÔTE D'IVOIRE : Etats financiers non approuvés par l'AG et vérifiés par les Commissaires Aux Comptes - Exercice 2024,https://www.brvm.org/sites/default/files/20250313_-_etats_financiers_verifies_par_les_cacs_-_exercice_2024_-_sicable_ci.pdf,1784869818.0,1224827540.0,19125318524.0,523446400.0,19656293617.0,11616848017.0,1397545576.0,7829917711.0,0.0933249721179911,0.0640422034520882,2.339929245859748,0.0623122326042531,22.193003938894226,0.026629964437817,0.1784879008417461,https://www.brvm.org/fr/rapports-societe-cotes/sicable,needs_review,balance_sheet_gap_gt_10pct
SICABLE,2025,2026.0,2026-03-10,ok,,,8,SICABLE CI : Etats financiers SYSCOHADA - Exercice 2025,https://www.brvm.org/sites/default/files/20260310_-_etats_financiers_syscohada_-_exercice_2025_-_sicable_ci.pdf,2264407867.0,1704451144.0,21263067001.0,758352000.0,21455050944.0,12469506200.0,1607854647.0,8643081002.0,0.106494884622877,0.0801601736908339,2.2475725573348524,0.0794428849620912,16.442900130809967,0.0353460824669855,0.1860279507536657,https://www.brvm.org/fr/rapports-societe-cotes/sicable,needs_review,balance_sheet_gap_gt_10pct
SICOR,2020,2023.0,2023-07-06,ok,,,8,SICOR CI : Etats financiers - Exercice 2020,https://www.brvm.org/sites/default/files/20230706_-_etats_financiers_-_exercice_2020_-_sicor.pdf,109049980.0,109826095.0,2359881248.0,3005434403.0,4051248833.0,1045814430.0,1884062355.0,983542428.0,0.0462099438657855,0.0465388227026583,0.0365425027711044,0.0271091950969282,0.3479744655069086,0.7418538151788713,1.915588287158264,https://www.brvm.org/fr/rapports-societe-cotes/sicor,verified_like,passes_rule_checks
SICOR,2021,2023.0,2023-07-06,ok,,,8,SICOR CI : Etats financiers - Exercice 2021,https://www.brvm.org/sites/default/files/20230706_-_etats_financiers_-_exercice_2021_-_sicor.pdf,53198530.0,119234795.0,1380986108.0,13.0,1808614047.0,1005745853.0,2344800886.0,1005745837.0,0.0385221326209025,0.0863403290657866,9171907.307692308,0.0659260582420988,77365065.61538461,7.187824302019258e-09,2.33140501281538,https://www.brvm.org/fr/rapports-societe-cotes/sicor,needs_review,balance_sheet_gap_gt_10pct
SICOR,2022,,,missing_report,nearest_report_is_different_fiscal_year,fy=2021 pub=2023 title=SICOR CI : Etats financiers - Exercice 2021 [score=60],0,,,,,,,,,,,,,,,,,,https://www.brvm.org/fr/rapports-societe-cotes/sicor,missing_or_error,missing_report
SICOR,2023,,,missing_report,no_candidate_for_fiscal_year,fy=2020 pub=2023 title=SICOR CI : Etats financiers - Exercice 2020 [score=60]; fy=2021 pub=2023 title=SICOR CI : Etats financiers - Exercice 2021 [score=60],0,,,,,,,,,,,,,,,,,,https://www.brvm.org/fr/rapports-societe-cotes/sicor,missing_or_error,missing_report
SICOR,2024,,,missing_report,no_candidate_for_fiscal_year,fy=2020 pub=2023 title=SICOR CI : Etats financiers - Exercice 2020 [score=60]; fy=2021 pub=2023 title=SICOR CI : Etats financiers - Exercice 2021 [score=60],0,,,,,,,,,,,,,,,,,,https://www.brvm.org/fr/rapports-societe-cotes/sicor,missing_or_error,missing_report
SICOR,2025,,,missing_report,no_candidate_for_fiscal_year,fy=2020 pub=2023 title=SICOR CI : Etats financiers - Exercice 2020 [score=60]; fy=2021 pub=2023 title=SICOR CI : Etats financiers - Exercice 2021 [score=60],0,,,,,,,,,,,,,,,,,,https://www.brvm.org/fr/rapports-societe-cotes/sicor,missing_or_error,missing_report
SIMPA SA,2020,,,missing_report,no_reports_found_on_company_page,,0,,,,,,,,,,,,,,,,,,https://www.brvm.org/fr/rapports-societe-cotes/simpa-sa,missing_or_error,missing_report
SIMPA SA,2021,,,missing_report,no_reports_found_on_company_page,,0,,,,,,,,,,,,,,,,,,https://www.brvm.org/fr/rapports-societe-cotes/simpa-sa,missing_or_error,missing_report
SIMPA SA,2022,,,missing_report,no_reports_found_on_company_page,,0,,,,,,,,,,,,,,,,,,https://www.brvm.org/fr/rapports-societe-cotes/simpa-sa,missing_or_error,missing_report
SIMPA SA,2023,,,missing_report,no_reports_found_on_company_page,,0,,,,,,,,,,,,,,,,,,https://www.brvm.org/fr/rapports-societe-cotes/simpa-sa,missing_or_error,missing_report
SIMPA SA,2024,,,missing_report,no_reports_found_on_company_page,,0,,,,,,,,,,,,,,,,,,https://www.brvm.org/fr/rapports-societe-cotes/simpa-sa,missing_or_error,missing_report
SIMPA SA,2025,,,missing_report,no_reports_found_on_company_page,,0,,,,,,,,,,,,,,,,,,https://www.brvm.org/fr/rapports-societe-cotes/simpa-sa,missing_or_error,missing_report
SITAB,2020,2021.0,2021-07-16,ok,,,7,SITAB CI : Etats financiers certifiés et approuvés - exercice 2020,https://www.brvm.org/sites/default/files/20210716_-_etats_financiers_certifies_et_approuves_-_exercice_2020_-_sitab_ci.pdf,4638985646.0,8542921197.0,,-18464090.0,28206327257.0,12104439090.0,8542921197.0,12097539090.0,,,-462.6776189349164,0.3028725122261315,-655.5665126199017,-0.000654608089588,0.7061701667954685,https://www.brvm.org/fr/rapports-societe-cotes/sitab,needs_review,non_positive_equity;balance_sheet_gap_gt_10pct
SITAB,2021,2022.0,2022-08-11,ok,,,5,"SITAB CI : États financiers certifiés, approuvés et attestation des Commissaires Aux Comptes - exercice 2021",https://www.brvm.org/sites/default/files/20220811_-_etats_financiers_certifies_-_approuves_et_attestation_des_commissaires_aux_comptes_-_exercice_2021_-_sitab_ci.pdf,,3642418476.0,,0.0,37826007574.0,55958817.0,0.0,,,,,0.0962940238637197,,0.0,,https://www.brvm.org/fr/rapports-societe-cotes/sitab,needs_review,non_positive_equity;balance_sheet_gap_gt_10pct
SITAB,2022,2023.0,2023-04-27,ok,,reconciled_from_cache_candidate,8,SITAB CÔTE D'IVOIRE : Etats financiers Syscohada Exercice 2022,https://www.brvm.org/sites/default/files/20230427_-_etats_financiers_syscohada_exercice_2022_-_sitab_ci.pdf,13743664099.0,11331559237.0,358571540404.0,10333713077.0,152322956329.0,141989243252.0,110942778161.0,120579072944.0,0.03832893174822272,0.031601948175342676,1.096562208817364,0.0743916708951285,13.740389557363361,0.06784081221927162,0.9200831906588356,https://www.brvm.org/fr/rapports-societe-cotes/sitab,verified_like,reconciled_from_cache_candidate
SITAB,2023,2024.0,2024-04-30,ok,,,7,SITAB CI : Etats Financiers provisoire et Projets d'affectation non vérifiés par les Commissaires Aux Comptes - Exercice 2023,https://www.brvm.org/sites/default/files/20240430_-_etats_financiers_provisoire_projets_daffectation_non_verifies_par_les_cac_-_exercice_2023_-_sitab_ci.pdf,2066415846.0,12461330558.0,,-10773000000.0,37467533948.0,48240533948.0,12461330558.0,12887410161.0,,,-1.1567187002691914,0.3325900918724644,-4.477910883505059,-0.2875289314463958,0.9669383066359286,https://www.brvm.org/fr/rapports-societe-cotes/sitab,needs_review,non_positive_equity
SITAB,2024,2025.0,2025-05-07,ok,,,7,SITAB CÔTE D'IVOIRE : Etats financiers - Exercice 2024,https://www.brvm.org/sites/default/files/20250507_-_etats_financiers_-_exercice_2024_-_sitab_ci.pdf,55005589361.0,44730358142.0,,-13466250000.0,122824248415.0,136290498415.0,218495.0,41289384604.0,,,-3.3216640224264364,0.3641818184863997,-10.120894711965098,-0.1096383668027837,5.2917959929786125e-06,https://www.brvm.org/fr/rapports-societe-cotes/sitab,needs_review,non_positive_equity
SITAB,2025,,,missing_report,nearest_report_is_different_fiscal_year,fy=2024 pub=2025 title=SITAB CÔTE D'IVOIRE : Etats financiers - Exercice 2024 [score=60],0,,,,,,,,,,,,,,,,,,https://www.brvm.org/fr/rapports-societe-cotes/sitab,missing_or_error,missing_report
SMB,2020,2021.0,2021-04-14,ok,,,8,SMB CÔTE D'IVOIRE : Etats Financiers - Exercice 2020,https://www.brvm.org/sites/default/files/20210414_-_etats_financiers_2020_-_smb_ci.pdf,14102.0,9396.0,102670.0,20139.0,80095.0,59956.0,42964.0,51307.0,0.1373526833544365,0.0915165092042466,0.466557425890064,0.1173106935514077,2.9771090918119074,0.2514389162869093,0.8373906094684935,https://www.brvm.org/fr/rapports-societe-cotes/smb,verified_like,passes_rule_checks
SMB,2021,2022.0,2022-04-29,ok,,,7,SMB CI : Etats financiers exercice 2021,https://www.brvm.org/sites/default/files/20220429_-_etats_financiers_exercice_2021_-_smb_ci.pdf,14102.0,9396.0,,21747.0,107351.0,82532.0,50690.0,78467.0,,,0.4320595944268175,0.0875259662229508,3.795098174460845,0.2025784575830686,0.6460040526590796,https://www.brvm.org/fr/rapports-societe-cotes/smb,verified_like,passes_rule_checks
SMB,2022,2023.0,2023-08-16,ok,,,8,SMB CI : Etats financiers certifiés et approuvés - Exercice 2022,https://www.brvm.org/sites/default/files/20230816_-_etats_financiers_certifies_et_approuves_-_exercice_2022_-_smb_ci.pdf,1380.0,9421.0,276854.0,24932.0,164780.0,136985.0,12086.0,108494.0,0.0049845767083011,0.0340287660644238,0.3778678004171346,0.0571732006311445,5.494344617359217,0.1513047699963587,0.1113978653197411,https://www.brvm.org/fr/rapports-societe-cotes/smb,verified_like,passes_rule_checks
SMB,2023,2024.0,2024-05-13,ok,,,8,SMB CI : Etats financiers de synthèse - Exercice 2023,https://www.brvm.org/sites/default/files/20240513_-_etats_financiers_de_synthese_-_exercice_2023_-_smb_ci.pdf,28583.0,17755.0,247646.0,35951.0,183993.0,144521.0,155055.0,124945.0,0.1154187832632063,0.0716950808815809,0.4938666518316598,0.0964982363459479,4.019943812411338,0.1953933030060926,1.240986033854896,https://www.brvm.org/fr/rapports-societe-cotes/smb,verified_like,passes_rule_checks
SMB,2024,2025.0,2025-09-03,ok,,,8,SMB CÔTE D'IVOIRE : Etats financiers - Exercice 2024,https://www.brvm.org/sites/default/files/20250903_-_etats_financiers_-_exercice_2024_-_smb_ci.pdf,17086.0,8698.0,229061.0,35294.0,163113.0,120211.0,134430.0,117820.0,0.0745914843644269,0.0379724178275655,0.2464441548138493,0.0533249955552285,3.4059896866322887,0.216377603256638,1.140977762688847,https://www.brvm.org/fr/rapports-societe-cotes/smb,verified_like,passes_rule_checks
SMB,2025,,,missing_report,nearest_report_is_different_fiscal_year,fy=2024 pub=2025 title=SMB CÔTE D'IVOIRE : Etats financiers - Exercice 2024 [score=60]; fy=2024 pub=2025 title=SMB CÔTE D'IVOIRE : Etats financiers - Exercice 2024 [score=60],0,,,,,,,,,,,,,,,,,,https://www.brvm.org/fr/rapports-societe-cotes/smb,missing_or_error,missing_report
SOCIÉTÉ IVOIRIENNE DE RAFFINAGE,2020,,,missing_report,no_reports_found_on_company_page,,0,,,,,,,,,,,,,,,,,,https://www.brvm.org/fr/rapports-societe-cotes/societe-ivoirienne-de-raffinage,missing_or_error,missing_report
SOCIÉTÉ IVOIRIENNE DE RAFFINAGE,2021,,,missing_report,no_reports_found_on_company_page,,0,,,,,,,,,,,,,,,,,,https://www.brvm.org/fr/rapports-societe-cotes/societe-ivoirienne-de-raffinage,missing_or_error,missing_report
SOCIÉTÉ IVOIRIENNE DE RAFFINAGE,2022,,,missing_report,no_reports_found_on_company_page,,0,,,,,,,,,,,,,,,,,,https://www.brvm.org/fr/rapports-societe-cotes/societe-ivoirienne-de-raffinage,missing_or_error,missing_report
SOCIÉTÉ IVOIRIENNE DE RAFFINAGE,2023,,,missing_report,no_reports_found_on_company_page,,0,,,,,,,,,,,,,,,,,,https://www.brvm.org/fr/rapports-societe-cotes/societe-ivoirienne-de-raffinage,missing_or_error,missing_report
SOCIÉTÉ IVOIRIENNE DE RAFFINAGE,2024,,,missing_report,no_reports_found_on_company_page,,0,,,,,,,,,,,,,,,,,,https://www.brvm.org/fr/rapports-societe-cotes/societe-ivoirienne-de-raffinage,missing_or_error,missing_report
SOCIÉTÉ IVOIRIENNE DE RAFFINAGE,2025,,,missing_report,no_reports_found_on_company_page,,0,,,,,,,,,,,,,,,,,,https://www.brvm.org/fr/rapports-societe-cotes/societe-ivoirienne-de-raffinage,missing_or_error,missing_report
SODECI,2020,2021.0,2021-06-04,ok,,,8,SODECI : Etats financiers exercice 2020,https://www.brvm.org/sites/default/files/20210604_-_etats_financiers_2020_-_sodeci.pdf,6372159.0,4307472.0,127480235.0,1276856.0,271676820.0,255492875.0,231248219.0,148077848.0,0.049985466374454,0.0337893321266626,3.373498656073982,0.0158551325799529,200.0952926563371,0.0046999077801337,1.5616665296216352,https://www.brvm.org/fr/rapports-societe-cotes/sodeci,verified_like,passes_rule_checks
SODECI,2021,2022.0,2022-04-26,ok,,,7,SODECI : Etats financiers individuels consolidés IFRS exercice 2021,https://www.brvm.org/sites/default/files/20220426_-_etats_financiers_individuels_-_consolides_ifrs_exercice_2021_-_sodeci.pdf,6.699,5.184,,23.956,303.628,31.243,225.0,26.927,,,0.2163967273334446,0.0170735241809055,1.3041826682250792,0.0788991792588298,8.35592527945928,https://www.brvm.org/fr/rapports-societe-cotes/sodeci,needs_review,balance_sheet_gap_gt_10pct
SODECI,2022,2023.0,2023-03-31,ok,,,8,SODECI : Etats financiers exercice 2022,https://www.brvm.org/sites/default/files/20230331_-_etats_financiers_exercice_2022_-_sodeci.pdf,8148301.0,4805517.0,160671009.0,7122495.0,353554454.0,334485483.0,307823156.0,202481251.0,0.0507141957389462,0.029909048495488,0.6746957351321412,0.013592013749599,46.96184174225465,0.0201453974611786,1.5202551074716542,https://www.brvm.org/fr/rapports-societe-cotes/sodeci,verified_like,passes_rule_checks
SODECI,2023,2024.0,2024-04-30,ok,,,8,SODECI : Etats Financiers Individuel et consolidé - Exercice 2023,https://www.brvm.org/sites/default/files/20240430_-_etats_financiers_individuel_et_consolide_-_exercice_2023_-_sodeci.pdf,0.0,31.0,0.0,26.741,52.089,25.348,608.0,22.586,,,1.1592685389476831,0.5951352492848778,0.947907707265996,0.5133713451976425,26.919330558753213,https://www.brvm.org/fr/rapports-societe-cotes/sodeci,needs_review,zero_revenue
SODECI,2024,2025.0,2025-04-30,ok,,,7,SODE CI : Etats financiers - Exercice 2024,https://www.brvm.org/sites/default/files/20250430_-_etats_financiers_-_exercice_2024_-_sode_ci.pdf,0.0,31.0,0.0,,0.0,433.424,109.0,433.424,,,,,,,0.2514858429620879,https://www.brvm.org/fr/rapports-societe-cotes/sodeci,needs_review,non_positive_total_assets;zero_revenue
SODECI,2025,2026.0,2026-04-27,ok,,,8,SODECI : Etats financiers - Exercice 2025,https://www.brvm.org/sites/default/files/20260427_-_etats_financiers_-_exercice_2025_-_sodeci.pdf,9105153.0,4662738.0,189429713.0,3134154.0,472671520.0,452955725.0,454.0,307017158.0,0.048066128886549,0.0246146073187578,1.487718216781945,0.0098646476521369,144.52248517462766,0.0066307231711358,1.4787447156292157e-06,https://www.brvm.org/fr/rapports-societe-cotes/sodeci,verified_like,passes_rule_checks
SOGB,2020,2021.0,2021-07-06,ok,,,6,SOGB CI : Etats financiers certifiés et approuvés - exercice 2020,https://www.brvm.org/sites/default/files/20210706_-_etats_financiers_certifie_et_approuves_-_sogb_ci.pdf,11218699.0,7652581.0,,3024258.0,11608629.0,8584371.0,24306540.0,,,,2.530399522792037,0.6592148823086689,2.8385048497846412,0.2605181025252853,,https://www.brvm.org/fr/rapports-societe-cotes/sogb,verified_like,passes_rule_checks
SOGB,2021,2022.0,2022-04-29,ok,,,7,SOGB CI : Etats financiers exercice 2021,https://www.brvm.org/sites/default/files/20220429_-_etats_financiers_exercice_2021_-_sogb_ci.pdf,20581153.0,14728280.0,,51502356.0,65546085.0,14043729.0,30614612.0,7926984.0,,,0.2859729368497239,0.2247011396637953,0.272681292483008,0.7857426725028658,3.86207566459072,https://www.brvm.org/fr/rapports-societe-cotes/sogb,verified_like,passes_rule_checks
SOGB,2022,2023.0,2023-04-24,ok,,,7,SOGB CI : États financiers exercice 2022,https://www.brvm.org/sites/default/files/20230424_-_etats_financiers_exercice_2022_-_sogb_ci.pdf,21852242.0,15652983.0,,13004308.0,19385799.0,6381491.0,26983990.0,2749889.0,,,1.2036767354325966,0.807445852502649,0.4907213055858105,0.6708161990124833,9.812756078518078,https://www.brvm.org/fr/rapports-societe-cotes/sogb,verified_like,passes_rule_checks
SOGB,2023,2024.0,2024-04-29,ok,,,7,SOGB CI : Etats financiers - Exercice 2023,https://www.brvm.org/sites/default/files/20240429_-_etats_financiers_-_exercice_2023_-_sogb_ci.pdf,7678013.0,5270303.0,,13393141.0,19326183.0,5933042.0,23522774.0,730690.0,,,0.3935076170705587,0.2727027370070955,0.4429910802850504,0.6930049767199244,32.19254950799929,https://www.brvm.org/fr/rapports-societe-cotes/sogb,verified_like,passes_rule_checks
SOGB,2024,2025.0,2025-04-30,ok,,,7,SOGB CÔTE D'IVOIRE : Etats financiers - Exercice 2024,https://www.brvm.org/sites/default/files/20250430_-_etats_financiers_-_exercice_2024_-_sogb_ci.pdf,18383382.0,13110790.0,,5177907.0,5841575.0,663668.0,25682184.0,654345.0,,,2.5320636311158156,2.244392993327998,0.128173024351345,0.8863888591689741,39.24868991128533,https://www.brvm.org/fr/rapports-societe-cotes/sogb,verified_like,passes_rule_checks
SOGB,2025,2026.0,2026-04-22,ok,,,7,SOGB CI : Etats financiers SYSCOHADA - Exercice 2025,https://www.brvm.org/sites/default/files/20260422_-_etats_financiers_syscohada_-_exercice_2025_-_sogb_ci.pdf,17061019.0,12492623.0,,-12898314.0,-12189454.0,708860.0,23060273.0,699537.0,,,-0.9685469744340228,-1.024871417538472,-0.0549575704235452,1.0581535481408766,32.965051169559295,https://www.brvm.org/fr/rapports-societe-cotes/sogb,needs_review,non_positive_equity;non_positive_total_assets
SOLIBRA,2020,2021.0,2021-05-04,ok,,,8,SOLIBRA CÔTE D'IVOIRE : Etats Financiers - Exercice 2020,https://www.brvm.org/sites/default/files/20210504_-_etats_financiers_-_exercice_2020_-_solibra_ci.pdf,27415.0,17520.0,229359.0,126775.0,294111.0,167296.0,103170.0,61100.0,0.1195287736692259,0.0763867997331693,0.138197594162887,0.0595693462672256,1.3196292644448826,0.4310447416111604,1.688543371522095,https://www.brvm.org/fr/rapports-societe-cotes/solibra,verified_like,passes_rule_checks
SOLIBRA,2021,2022.0,2022-06-03,ok,,,8,SOLIBRA CI : Etats financiers Exercice 2021,https://www.brvm.org/sites/default/files/20220603_-_etats_financiers_exercice_2021_-_solibra.pdf,35605.0,22020.0,299269.0,144022.0,316350.0,172327.0,124879.0,65362.0,0.1189732314406102,0.0735792881989113,0.1528933079668384,0.0696064485538169,1.1965324742053298,0.4552615773668405,1.91057495180686,https://www.brvm.org/fr/rapports-societe-cotes/solibra,verified_like,passes_rule_checks
SOLIBRA,2022,2023.0,2023-05-12,ok,,,8,SOLIBRA CI : Etats financiers exercice 2022,https://www.brvm.org/sites/default/files/20230512_-_etats_financiers_exercice_2022_-_solibra_ci.pdf,7112.0,1217.0,281880.0,137832.0,334102.0,196052.0,140452.0,63103.0,0.0252305945792535,0.0043174400454093,0.0088295896453653,0.0036426001640217,1.422398281966452,0.4125446719863994,2.225757887897564,https://www.brvm.org/fr/rapports-societe-cotes/solibra,verified_like,passes_rule_checks
SOLIBRA,2023,2024.0,2024-05-13,ok,,,8,SOLIBRA CI : Etats financiers de synthèse - Exercice 2023,https://www.brvm.org/sites/default/files/20240513_-_etats_financiers_de_synthese_-_exercice_2023_-_solibra_ci.pdf,16807.0,15078.0,311395.0,152909.0,327698.0,174674.0,149997.0,49868.0,0.0539732494099134,0.048420816005395,0.0986076686133582,0.0460118767889947,1.1423395614385026,0.466615603390927,3.0078808053260606,https://www.brvm.org/fr/rapports-societe-cotes/solibra,verified_like,passes_rule_checks
SOLIBRA,2024,2025.0,2025-05-09,parsed_but_empty,ocr_extracted_no_core_metric,report=SUCRIVOIRE CÔTE D'IVOIRE : Etats financiers - Normes IFRS - Exercice 2024,0,SUCRIVOIRE CÔTE D'IVOIRE : Etats financiers - Normes IFRS - Exercice 2024,https://www.brvm.org/sites/default/files/20250509_-_erratum_-_avis_de_convocation_-_assemblee_generale_ordinaire_-_solibra_ci_1.pdf,,,,,,,,,,,,,,,,https://www.brvm.org/fr/rapports-societe-cotes/solibra,missing_or_error,parsed_but_empty
SOLIBRA,2025,,,missing_report,nearest_report_is_different_fiscal_year,fy=2024 pub=2025 title=SUCRIVOIRE CÔTE D'IVOIRE : Etats financiers - Normes IFRS - Exercice 2024 [score=60]; fy=2024 pub=2025 title=SOLIBRA CI : Etats financiers - Exercice 2024 [score=60],0,,,,,,,,,,,,,,,,,,https://www.brvm.org/fr/rapports-societe-cotes/solibra,missing_or_error,missing_report
SONATEL,2020,,,ok,partial_core_metrics,core_metrics_count=2; report=SONATEL SENEGAL : Résultats financiers 2020 (Annule et remplace le précédent),2,SONATEL SENEGAL : Résultats financiers 2020 (Annule et remplace le précédent),https://www.brvm.org/sites/default/files/sonatel_presentation_resultats_2020_vf_26_02_2021_definitive.pdf,,12.8,0.0,,,,,,,,,,,,,https://www.brvm.org/fr/rapports-societe-cotes/sonatel,needs_review,core_metrics<2;zero_revenue
SONATEL,2021,,,missing_report,nearest_report_is_different_fiscal_year,fy=2022 pub=None title=SONATEL SENEGAL : Résultats financiers exercice 2022 [score=60]; fy=2020 pub=None title=SONATEL SENEGAL : Résultats financiers 2020 (Annule et remplace le précédent) [score=60]; fy=2020 pub=None title=SONATEL SENEGAL : Résultats financiers 2020 [score=60],0,,,,,,,,,,,,,,,,,,https://www.brvm.org/fr/rapports-societe-cotes/sonatel,missing_or_error,missing_report
SONATEL,2022,,,ok,partial_core_metrics,core_metrics_count=1; report=SONATEL SENEGAL : Résultats financiers exercice 2022,1,SONATEL SENEGAL : Résultats financiers exercice 2022,https://www.brvm.org/sites/default/files/comfi_groupe_sonatel_resultats_financiers_2022_fr_v_finale_brvm.pdf,,,0.0,,,,,,,,,,,,,https://www.brvm.org/fr/rapports-societe-cotes/sonatel,needs_review,core_metrics<1;zero_revenue
SONATEL,2023,2024.0,2024-02-22,ok,partial_core_metrics,core_metrics_count=1; report=SONATEL SENEGAL : Etats financiers - Exercice 2023,1,SONATEL SENEGAL : Etats financiers - Exercice 2023,https://www.brvm.org/sites/default/files/20240222_-_etats_financiers_-_exercice_2023_-_sonatel_sn.pdf,,,0.0,,,,,,,,,,,,,https://www.brvm.org/fr/rapports-societe-cotes/sonatel,needs_review,core_metrics<1;zero_revenue
SONATEL,2024,2025.0,2025-02-21,ok,partial_core_metrics,core_metrics_count=1; report=SONATEL SENEGAL : Etats financiers - Exercice 2024,1,SONATEL SENEGAL : Etats financiers - Exercice 2024,https://www.brvm.org/sites/default/files/20250221_-_etats_financiers_-_exercice_2024_-_sonatel_sn.pdf,,,902.0,,,,,,,,,,,,,https://www.brvm.org/fr/rapports-societe-cotes/sonatel,needs_review,core_metrics<1
SONATEL,2025,2026.0,2026-02-16,parsed_but_empty,ocr_extracted_no_core_metric,report=SONATEL SN : Etats financiers et attestation des Commissaires Aux Comptes – Exercice 2025,0,SONATEL SN : Etats financiers et attestation des Commissaires Aux Comptes – Exercice 2025,https://www.brvm.org/sites/default/files/20260216_-_etats_financiers_2025_et_attestation_des_cac_-_sonatel_sn.pdf,,,,,,,,,,,,,,,,https://www.brvm.org/fr/rapports-societe-cotes/sonatel,missing_or_error,parsed_but_empty
SUCRIVOIRE,2020,2021.0,2021-04-27,ok,,,8,SUCRIVOIRE CÔTE D'IVOIRE : Etats Financiers - Exercice 2020,https://www.brvm.org/sites/default/files/20210427_-_etats_financiers_-_exercice_2020_-_sucrivoire.pdf,4403668971.0,1788178233.0,1166622915.0,43897656158.0,94559887990.0,43634235082.0,45275472974.0,32615266469.0,3.77471496091777,1.5327816812170194,0.0407351642320912,0.0189105367086423,0.993999199523276,0.4642312622307919,1.3881681149848404,https://www.brvm.org/fr/rapports-societe-cotes/sucrivoire,needs_review,extreme_net_margin
SUCRIVOIRE,2021,2022.0,2022-06-07,ok,,,7,SUCRIVOIRE CI : Etats financiers exercice 2021,https://www.brvm.org/sites/default/files/20220607_-_etats_financiers_exercice_2021_-_sucrivoire_ci.pdf,2715412080.0,6572600809.0,,36443055349.0,107246529979.0,37847525734.0,39919102864.0,26401282847.0,,,0.1803526281223386,0.0612849740713008,1.038538766070791,0.339806382137827,1.512013756882122,https://www.brvm.org/fr/rapports-societe-cotes/sucrivoire,needs_review,balance_sheet_gap_gt_10pct
SUCRIVOIRE,2022,2023.0,2023-06-12,ok,,,8,SUCRIVOIRE CI : Etats financiers SYSCOHADA exercice 2022,https://www.brvm.org/sites/default/files/20230612_-_etats_financiers_syscohada_exercice_2022_-_sucrivoire_ci.pdf,4860967440.0,8755668861.0,68635110937.0,27687386488.0,124042067779.0,96354681291.0,42276878390.0,37333577041.0,0.0708233347865041,0.1275683646674194,0.3162331289302006,0.070586285909064,3.4800930500522727,0.2232096496273291,1.1324089932119612,https://www.brvm.org/fr/rapports-societe-cotes/sucrivoire,verified_like,passes_rule_checks
SUCRIVOIRE,2023,2024.0,2024-05-10,ok,,,8,SUCRIVOIRE CÔTE D'IVOIRE : Etats financiers IFRS - Exercice 2023,https://www.brvm.org/sites/default/files/20240510_-_etats_financiers_ifrs_-_exercice_2023_-_sucrivoire_ci.pdf,8865139.0,9010129.0,68134694.0,22310492.0,124182623.0,57942376.0,44065205.0,57942376.0,0.1301119661592668,0.1322399569300186,0.4038516497081283,0.0725554734014597,2.597090911307559,0.179658727292304,0.76050048413617,https://www.brvm.org/fr/rapports-societe-cotes/sucrivoire,needs_review,balance_sheet_gap_gt_10pct
SUCRIVOIRE,2024,2025.0,2025-05-09,ok,,,6,SUCRIVOIRE CÔTE D'IVOIRE : Etats financiers - Normes SYSCOHADA - Exercice 2024,https://www.brvm.org/sites/default/files/20250509_-_etats_financiers_-_normes_syscohada_-_exercice_2024_-_sucrivoire_ci.pdf,0.0,0.0,,0.0,0.0,0.0,0.0,,,,,,,,,https://www.brvm.org/fr/rapports-societe-cotes/sucrivoire,needs_review,non_positive_equity;non_positive_total_assets
SUCRIVOIRE,2025,,,missing_report,nearest_report_is_different_fiscal_year,fy=2024 pub=2025 title=SUCRIVOIRE CÔTE D'IVOIRE : Etats financiers - Normes SYSCOHADA - Exercice 2024 [score=60],0,,,,,,,,,,,,,,,,,,https://www.brvm.org/fr/rapports-societe-cotes/sucrivoire,missing_or_error,missing_report
TEYLIMOGPCI,2020,,,missing_report,no_reports_found_on_company_page,,0,,,,,,,,,,,,,,,,,,https://www.brvm.org/fr/rapports-societe-cotes/teylimogpci,missing_or_error,missing_report
TEYLIMOGPCI,2021,,,missing_report,no_reports_found_on_company_page,,0,,,,,,,,,,,,,,,,,,https://www.brvm.org/fr/rapports-societe-cotes/teylimogpci,missing_or_error,missing_report
TEYLIMOGPCI,2022,,,missing_report,no_reports_found_on_company_page,,0,,,,,,,,,,,,,,,,,,https://www.brvm.org/fr/rapports-societe-cotes/teylimogpci,missing_or_error,missing_report
TEYLIMOGPCI,2023,,,missing_report,no_reports_found_on_company_page,,0,,,,,,,,,,,,,,,,,,https://www.brvm.org/fr/rapports-societe-cotes/teylimogpci,missing_or_error,missing_report
TEYLIMOGPCI,2024,,,missing_report,no_reports_found_on_company_page,,0,,,,,,,,,,,,,,,,,,https://www.brvm.org/fr/rapports-societe-cotes/teylimogpci,missing_or_error,missing_report
TEYLIMOGPCI,2025,,,missing_report,no_reports_found_on_company_page,,0,,,,,,,,,,,,,,,,,,https://www.brvm.org/fr/rapports-societe-cotes/teylimogpci,missing_or_error,missing_report
TNC_FIDFIN.O1,2020,,,missing_report,no_reports_found_on_company_page,,0,,,,,,,,,,,,,,,,,,https://www.brvm.org/fr/rapports-societe-cotes/tncfidfino1,missing_or_error,missing_report
TNC_FIDFIN.O1,2021,,,missing_report,no_reports_found_on_company_page,,0,,,,,,,,,,,,,,,,,,https://www.brvm.org/fr/rapports-societe-cotes/tncfidfino1,missing_or_error,missing_report
TNC_FIDFIN.O1,2022,,,missing_report,no_reports_found_on_company_page,,0,,,,,,,,,,,,,,,,,,https://www.brvm.org/fr/rapports-societe-cotes/tncfidfino1,missing_or_error,missing_report
TNC_FIDFIN.O1,2023,,,missing_report,no_reports_found_on_company_page,,0,,,,,,,,,,,,,,,,,,https://www.brvm.org/fr/rapports-societe-cotes/tncfidfino1,missing_or_error,missing_report
TNC_FIDFIN.O1,2024,,,missing_report,no_reports_found_on_company_page,,0,,,,,,,,,,,,,,,,,,https://www.brvm.org/fr/rapports-societe-cotes/tncfidfino1,missing_or_error,missing_report
TNC_FIDFIN.O1,2025,,,missing_report,no_reports_found_on_company_page,,0,,,,,,,,,,,,,,,,,,https://www.brvm.org/fr/rapports-societe-cotes/tncfidfino1,missing_or_error,missing_report
TNC_NMHGCINC.O1,2020,,,missing_report,no_reports_found_on_company_page,,0,,,,,,,,,,,,,,,,,,https://www.brvm.org/fr/rapports-societe-cotes/tncnmhgcinco1,missing_or_error,missing_report
TNC_NMHGCINC.O1,2021,,,missing_report,no_reports_found_on_company_page,,0,,,,,,,,,,,,,,,,,,https://www.brvm.org/fr/rapports-societe-cotes/tncnmhgcinco1,missing_or_error,missing_report
TNC_NMHGCINC.O1,2022,,,missing_report,no_reports_found_on_company_page,,0,,,,,,,,,,,,,,,,,,https://www.brvm.org/fr/rapports-societe-cotes/tncnmhgcinco1,missing_or_error,missing_report
TNC_NMHGCINC.O1,2023,,,missing_report,no_reports_found_on_company_page,,0,,,,,,,,,,,,,,,,,,https://www.brvm.org/fr/rapports-societe-cotes/tncnmhgcinco1,missing_or_error,missing_report
TNC_NMHGCINC.O1,2024,,,missing_report,no_reports_found_on_company_page,,0,,,,,,,,,,,,,,,,,,https://www.brvm.org/fr/rapports-societe-cotes/tncnmhgcinco1,missing_or_error,missing_report
TNC_NMHGCINC.O1,2025,,,missing_report,no_reports_found_on_company_page,,0,,,,,,,,,,,,,,,,,,https://www.brvm.org/fr/rapports-societe-cotes/tncnmhgcinco1,missing_or_error,missing_report
TNC_SCFBF.O1,2020,,,missing_report,no_reports_found_on_company_page,,0,,,,,,,,,,,,,,,,,,https://www.brvm.org/fr/rapports-societe-cotes/tncscfbfo1,missing_or_error,missing_report
TNC_SCFBF.O1,2021,,,missing_report,no_reports_found_on_company_page,,0,,,,,,,,,,,,,,,,,,https://www.brvm.org/fr/rapports-societe-cotes/tncscfbfo1,missing_or_error,missing_report
TNC_SCFBF.O1,2022,,,missing_report,no_reports_found_on_company_page,,0,,,,,,,,,,,,,,,,,,https://www.brvm.org/fr/rapports-societe-cotes/tncscfbfo1,missing_or_error,missing_report
TNC_SCFBF.O1,2023,,,missing_report,no_reports_found_on_company_page,,0,,,,,,,,,,,,,,,,,,https://www.brvm.org/fr/rapports-societe-cotes/tncscfbfo1,missing_or_error,missing_report
TNC_SCFBF.O1,2024,,,missing_report,no_reports_found_on_company_page,,0,,,,,,,,,,,,,,,,,,https://www.brvm.org/fr/rapports-societe-cotes/tncscfbfo1,missing_or_error,missing_report
TNC_SCFBF.O1,2025,,,missing_report,no_reports_found_on_company_page,,0,,,,,,,,,,,,,,,,,,https://www.brvm.org/fr/rapports-societe-cotes/tncscfbfo1,missing_or_error,missing_report
TNC_SDMACI.O1,2020,,,missing_report,no_reports_found_on_company_page,,0,,,,,,,,,,,,,,,,,,https://www.brvm.org/fr/rapports-societe-cotes/tncsdmacio1,missing_or_error,missing_report
TNC_SDMACI.O1,2021,,,missing_report,no_reports_found_on_company_page,,0,,,,,,,,,,,,,,,,,,https://www.brvm.org/fr/rapports-societe-cotes/tncsdmacio1,missing_or_error,missing_report
TNC_SDMACI.O1,2022,,,missing_report,no_reports_found_on_company_page,,0,,,,,,,,,,,,,,,,,,https://www.brvm.org/fr/rapports-societe-cotes/tncsdmacio1,missing_or_error,missing_report
TNC_SDMACI.O1,2023,,,missing_report,no_reports_found_on_company_page,,0,,,,,,,,,,,,,,,,,,https://www.brvm.org/fr/rapports-societe-cotes/tncsdmacio1,missing_or_error,missing_report
TNC_SDMACI.O1,2024,,,missing_report,no_reports_found_on_company_page,,0,,,,,,,,,,,,,,,,,,https://www.brvm.org/fr/rapports-societe-cotes/tncsdmacio1,missing_or_error,missing_report
TNC_SDMACI.O1,2025,,,missing_report,no_reports_found_on_company_page,,0,,,,,,,,,,,,,,,,,,https://www.brvm.org/fr/rapports-societe-cotes/tncsdmacio1,missing_or_error,missing_report
TNC_SIMPSNNC.O1,2020,,,missing_report,no_reports_found_on_company_page,,0,,,,,,,,,,,,,,,,,,https://www.brvm.org/fr/rapports-societe-cotes/tncsimpsnnco1,missing_or_error,missing_report
TNC_SIMPSNNC.O1,2021,,,missing_report,no_reports_found_on_company_page,,0,,,,,,,,,,,,,,,,,,https://www.brvm.org/fr/rapports-societe-cotes/tncsimpsnnco1,missing_or_error,missing_report
TNC_SIMPSNNC.O1,2022,,,missing_report,no_reports_found_on_company_page,,0,,,,,,,,,,,,,,,,,,https://www.brvm.org/fr/rapports-societe-cotes/tncsimpsnnco1,missing_or_error,missing_report
TNC_SIMPSNNC.O1,2023,,,missing_report,no_reports_found_on_company_page,,0,,,,,,,,,,,,,,,,,,https://www.brvm.org/fr/rapports-societe-cotes/tncsimpsnnco1,missing_or_error,missing_report
TNC_SIMPSNNC.O1,2024,,,missing_report,no_reports_found_on_company_page,,0,,,,,,,,,,,,,,,,,,https://www.brvm.org/fr/rapports-societe-cotes/tncsimpsnnco1,missing_or_error,missing_report
TNC_SIMPSNNC.O1,2025,,,missing_report,no_reports_found_on_company_page,,0,,,,,,,,,,,,,,,,,,https://www.brvm.org/fr/rapports-societe-cotes/tncsimpsnnco1,missing_or_error,missing_report
TOTAL,2020,2021.0,2021-07-13,ok,,,8,TOTAL CÔTE D'IVOIRE : Etats financiers certifiés et approuvés - exercice 2020,https://www.brvm.org/sites/default/files/20210713_-_etats_financiers_certifies_et_approuves_-_exercice_2020_-_total_ci.pdf,7982.0,7648.0,416080.0,44637.0,128146.0,74658.0,58961.0,70337.0,0.0191838108056143,0.0183810805614304,0.1713376795035508,0.0596819253039501,1.6725586396935277,0.3483292494498463,0.8382643558866599,https://www.brvm.org/fr/rapports-societe-cotes/total,verified_like,passes_rule_checks
TOTAL,2021,2022.0,2022-06-21,ok,,,8,TOTALENERGIES CI : Etats financiers Certifiés et Approuvés Exercice 2021,https://www.brvm.org/sites/default/files/20220621_-_etats_financiers_certifies_et_approuves_exercice_2021-_totalenergies_ci.pdf,16088.0,11143.0,494433.0,48133.0,156297.0,103410.0,78353.0,91927.0,0.0325382812231384,0.0225369261355937,0.231504373298984,0.0712937548385445,2.148422080485322,0.3079585660633281,0.8523393562283116,https://www.brvm.org/fr/rapports-societe-cotes/total,verified_like,passes_rule_checks
TOTAL,2022,2023.0,2023-06-30,ok,,,8,TOTALENERGIES MARKETING CI : Etats financiers certifiés et approuvés exercice 2022,https://www.brvm.org/sites/default/files/20230630_-_etats_financiers_certifies_et_approuves_exercice_2022_-_totalenergies_marketing_ci.pdf,16509.0,12279.0,573130.0,4033.0,159651.0,110381.0,85786.0,93336.0,0.0288049831626332,0.0214244586742972,3.0446317877510536,0.0769115132382509,27.369452020828167,0.0252613513225723,0.9191094540155996,https://www.brvm.org/fr/rapports-societe-cotes/total,needs_review,balance_sheet_gap_gt_10pct
TOTAL,2023,2024.0,2024-09-10,ok,,,8,TOTALENERGIES MARKETING CI : Etats financiers définitifs – Exercice 2023,https://www.brvm.org/sites/default/files/20240910_-_etats_financiers_definitifs_2023_-_totalenergies_marketing_ci.pdf,12087.0,8709.0,578922.0,45699.0,167625.0,119641.0,93726.0,103635.0,0.0208784603107154,0.0150434773596443,0.1905730978796035,0.0519552572706935,2.618022276198604,0.2726263982102908,0.9043855840208423,https://www.brvm.org/fr/rapports-societe-cotes/total,verified_like,passes_rule_checks
TOTAL,2024,2025.0,2025-04-30,ok,,,8,TOTALENERGIES MARKETING CÔTE D'IVOIRE : Etats financiers - Exercice 2024,https://www.brvm.org/sites/default/files/20250430_-_etats_financiers_-_exercice_2024_-_totalenergies_marketing_ci.pdf,10491.0,9374.0,621042.0,41115.0,191526.0,147891.0,106956.0,125527.0,0.0168925773136116,0.0150939872021538,0.2279946491548097,0.0489437465409396,3.5970083910981394,0.2146705930265342,0.8520557330295474,https://www.brvm.org/fr/rapports-societe-cotes/total,verified_like,passes_rule_checks
TOTAL,2025,2026.0,2026-03-31,ok,,,8,TOTALENERGIES MARKETING CI : Etats financiers SYSCOHADA - Exercice 2025,https://www.brvm.org/sites/default/files/20260331_-_etats_financiers_syscohada_-_exercice_2025_-_totalenergies_marketing_ci.pdf,12329.0,9087.0,588709.0,36202.0,342925.0,306723.0,108382.0,118044.0,0.0209424350570485,0.015435469816157,0.2510082315894149,0.0264985055041189,8.472542953427988,0.1055682729459794,0.9181491647182408,https://www.brvm.org/fr/rapports-societe-cotes/total,verified_like,passes_rule_checks
TOTAL SENEGAL S.A.,2020,,,missing_report,no_reports_found_on_company_page,,0,,,,,,,,,,,,,,,,,,https://www.brvm.org/fr/rapports-societe-cotes/total-senegal-sa,missing_or_error,missing_report
TOTAL SENEGAL S.A.,2021,,,missing_report,no_reports_found_on_company_page,,0,,,,,,,,,,,,,,,,,,https://www.brvm.org/fr/rapports-societe-cotes/total-senegal-sa,missing_or_error,missing_report
TOTAL SENEGAL S.A.,2022,,,missing_report,no_reports_found_on_company_page,,0,,,,,,,,,,,,,,,,,,https://www.brvm.org/fr/rapports-societe-cotes/total-senegal-sa,missing_or_error,missing_report
TOTAL SENEGAL S.A.,2023,,,missing_report,no_reports_found_on_company_page,,0,,,,,,,,,,,,,,,,,,https://www.brvm.org/fr/rapports-societe-cotes/total-senegal-sa,missing_or_error,missing_report
TOTAL SENEGAL S.A.,2024,,,missing_report,no_reports_found_on_company_page,,0,,,,,,,,,,,,,,,,,,https://www.brvm.org/fr/rapports-societe-cotes/total-senegal-sa,missing_or_error,missing_report
TOTAL SENEGAL S.A.,2025,,,missing_report,no_reports_found_on_company_page,,0,,,,,,,,,,,,,,,,,,https://www.brvm.org/fr/rapports-societe-cotes/total-senegal-sa,missing_or_error,missing_report
TPBF,2020,,,missing_report,no_reports_found_on_company_page,,0,,,,,,,,,,,,,,,,,,https://www.brvm.org/fr/rapports-societe-cotes/tpbf,missing_or_error,missing_report
TPBF,2021,,,missing_report,no_reports_found_on_company_page,,0,,,,,,,,,,,,,,,,,,https://www.brvm.org/fr/rapports-societe-cotes/tpbf,missing_or_error,missing_report
TPBF,2022,,,missing_report,no_reports_found_on_company_page,,0,,,,,,,,,,,,,,,,,,https://www.brvm.org/fr/rapports-societe-cotes/tpbf,missing_or_error,missing_report
TPBF,2023,,,missing_report,no_reports_found_on_company_page,,0,,,,,,,,,,,,,,,,,,https://www.brvm.org/fr/rapports-societe-cotes/tpbf,missing_or_error,missing_report
TPBF,2024,,,missing_report,no_reports_found_on_company_page,,0,,,,,,,,,,,,,,,,,,https://www.brvm.org/fr/rapports-societe-cotes/tpbf,missing_or_error,missing_report
TPBF,2025,,,missing_report,no_reports_found_on_company_page,,0,,,,,,,,,,,,,,,,,,https://www.brvm.org/fr/rapports-societe-cotes/tpbf,missing_or_error,missing_report
TPBJ,2020,,,missing_report,no_reports_found_on_company_page,,0,,,,,,,,,,,,,,,,,,https://www.brvm.org/fr/rapports-societe-cotes/tpbj,missing_or_error,missing_report
TPBJ,2021,,,missing_report,no_reports_found_on_company_page,,0,,,,,,,,,,,,,,,,,,https://www.brvm.org/fr/rapports-societe-cotes/tpbj,missing_or_error,missing_report
TPBJ,2022,,,missing_report,no_reports_found_on_company_page,,0,,,,,,,,,,,,,,,,,,https://www.brvm.org/fr/rapports-societe-cotes/tpbj,missing_or_error,missing_report
TPBJ,2023,,,missing_report,no_reports_found_on_company_page,,0,,,,,,,,,,,,,,,,,,https://www.brvm.org/fr/rapports-societe-cotes/tpbj,missing_or_error,missing_report
TPBJ,2024,,,missing_report,no_reports_found_on_company_page,,0,,,,,,,,,,,,,,,,,,https://www.brvm.org/fr/rapports-societe-cotes/tpbj,missing_or_error,missing_report
TPBJ,2025,,,missing_report,no_reports_found_on_company_page,,0,,,,,,,,,,,,,,,,,,https://www.brvm.org/fr/rapports-societe-cotes/tpbj,missing_or_error,missing_report
TPCI,2020,,,missing_report,no_reports_found_on_company_page,,0,,,,,,,,,,,,,,,,,,https://www.brvm.org/fr/rapports-societe-cotes/tpci,missing_or_error,missing_report
TPCI,2021,,,missing_report,no_reports_found_on_company_page,,0,,,,,,,,,,,,,,,,,,https://www.brvm.org/fr/rapports-societe-cotes/tpci,missing_or_error,missing_report
TPCI,2022,,,missing_report,no_reports_found_on_company_page,,0,,,,,,,,,,,,,,,,,,https://www.brvm.org/fr/rapports-societe-cotes/tpci,missing_or_error,missing_report
TPCI,2023,,,missing_report,no_reports_found_on_company_page,,0,,,,,,,,,,,,,,,,,,https://www.brvm.org/fr/rapports-societe-cotes/tpci,missing_or_error,missing_report
TPCI,2024,,,missing_report,no_reports_found_on_company_page,,0,,,,,,,,,,,,,,,,,,https://www.brvm.org/fr/rapports-societe-cotes/tpci,missing_or_error,missing_report
TPCI,2025,,,missing_report,no_reports_found_on_company_page,,0,,,,,,,,,,,,,,,,,,https://www.brvm.org/fr/rapports-societe-cotes/tpci,missing_or_error,missing_report
TRACTAFRIC CI,2020,,,missing_report,nearest_report_is_different_fiscal_year,fy=2021 pub=2022 title=TRACTAFRIC MOTORS CI : États financiers certifiés Exercice 2021 [score=60]; fy=2021 pub=2022 title=TRACTAFRIC MOTORS CI : Etats financiers exercice 2021 [score=60],0,,,,,,,,,,,,,,,,,,https://www.brvm.org/fr/rapports-societe-cotes/tractafric-ci,missing_or_error,missing_report
TRACTAFRIC CI,2021,2022.0,2022-06-16,ok,,,7,TRACTAFRIC MOTORS CI : États financiers certifiés Exercice 2021,https://www.brvm.org/sites/default/files/20220616_-_etats_financiers_certifies_exercice_2021_-_tractafric_motors_ci.pdf,,3067.0,65019.0,9837.0,37716.0,22570.0,27451.0,24218.0,,0.0471708269890339,0.3117820473721663,0.0813182734118146,2.294398698790282,0.2608176901049952,1.1334957469650673,https://www.brvm.org/fr/rapports-societe-cotes/tractafric-ci,needs_review,balance_sheet_gap_gt_10pct
TRACTAFRIC CI,2022,2023.0,2023-08-03,ok,,,7,TRACTAFRIC MOTORS CI : Etats financiers certifiés et approuvés - Exercice 2022,https://www.brvm.org/sites/default/files/20230803_-_etats_financiers_certifies_et_approuves_-_exercice_2022_-_tractafric_motors_ci.pdf,,3644.0,70092.0,11480.0,52169.0,36183.0,36898.0,37527.0,,0.0519888147006791,0.3174216027874564,0.0698499108666066,3.151829268292683,0.2200540550901876,0.9832387347776268,https://www.brvm.org/fr/rapports-societe-cotes/tractafric-ci,verified_like,passes_rule_checks
TRACTAFRIC CI,2023,2024.0,2024-05-30,ok,,,7,TRACTAFRIC MOTORS CI : Etats financiers - Exercice 2023  (Annule et remplace le précédent),https://www.brvm.org/sites/default/files/20240530_-_etats_financiers_-_exercice_2023_-_tractafric_motors_ci_annule_et_remplace_le_precedent.pdf,,2084.0,77879.0,11015.0,51246.0,36905.0,0.0,34293.0,,0.0267594601882407,0.1891965501588742,0.040666588611794,3.350431230140717,0.2149436053545642,0.0,https://www.brvm.org/fr/rapports-societe-cotes/tractafric-ci,verified_like,passes_rule_checks
TRACTAFRIC CI,2024,2025.0,2025-06-13,ok,,,8,TRACTAFRIC MOTORS CÔTE D'IVOIRE : Etats financiers - Normes IFRS - Exercice 2024,https://www.brvm.org/sites/default/files/20250613_-_etats_financiers_-_normes_ifrs_-_exercice_2024_-_tractafric_motors_ci.pdf,1865531.0,2177264.0,74451535.0,11247345.0,43751550.0,32504205.0,38519206.0,32496205.0,0.0250569850574605,0.0292440444646305,0.1935802627197796,0.0497642712086771,2.8899446936143596,0.2570730636971718,1.1853447502562222,https://www.brvm.org/fr/rapports-societe-cotes/tractafric-ci,verified_like,passes_rule_checks
TRACTAFRIC CI,2025,,,missing_report,nearest_report_is_different_fiscal_year,fy=2024 pub=2025 title=TRACTAFRIC MOTORS CÔTE D'IVOIRE : Etats financiers - Normes IFRS - Exercice 2024 [score=60],0,,,,,,,,,,,,,,,,,,https://www.brvm.org/fr/rapports-societe-cotes/tractafric-ci,missing_or_error,missing_report
TRITRAF CI,2020,,,missing_report,no_reports_found_on_company_page,,0,,,,,,,,,,,,,,,,,,https://www.brvm.org/fr/rapports-societe-cotes/tritraf-ci,missing_or_error,missing_report
TRITRAF CI,2021,,,missing_report,no_reports_found_on_company_page,,0,,,,,,,,,,,,,,,,,,https://www.brvm.org/fr/rapports-societe-cotes/tritraf-ci,missing_or_error,missing_report
TRITRAF CI,2022,,,missing_report,no_reports_found_on_company_page,,0,,,,,,,,,,,,,,,,,,https://www.brvm.org/fr/rapports-societe-cotes/tritraf-ci,missing_or_error,missing_report
TRITRAF CI,2023,,,missing_report,no_reports_found_on_company_page,,0,,,,,,,,,,,,,,,,,,https://www.brvm.org/fr/rapports-societe-cotes/tritraf-ci,missing_or_error,missing_report
TRITRAF CI,2024,,,missing_report,no_reports_found_on_company_page,,0,,,,,,,,,,,,,,,,,,https://www.brvm.org/fr/rapports-societe-cotes/tritraf-ci,missing_or_error,missing_report
TRITRAF CI,2025,,,missing_report,no_reports_found_on_company_page,,0,,,,,,,,,,,,,,,,,,https://www.brvm.org/fr/rapports-societe-cotes/tritraf-ci,missing_or_error,missing_report
UNILEVER CI,2020,2021.0,2021-04-30,ok,,,8,UNILEVER CÔTE D'IVOIRE : Etats Financiers - Exercice 2020,https://www.brvm.org/sites/default/files/20210430_-_etats_financiers_-_exercice_2020_-_unilever_ci.pdf,-8426030874.0,-3690619307.0,39693424149.0,-5672098140.0,36285262274.0,41957360414.0,0.0,41957360398.0,-0.2122777526668048,-0.0929781037067062,0.6506621034945633,-0.1017112479201919,-7.397149939651785,-0.1563196125514658,0.0,https://www.brvm.org/fr/rapports-societe-cotes/unilever-ci,needs_review,non_positive_equity
UNILEVER CI,2021,2022.0,2022-05-20,ok,,,8,UNILEVER CI : Etats financiers Exercice 2021,https://www.brvm.org/sites/default/files/20220520_-_etats_financiers_exercice_2021_-_unilever_ci.pdf,-7805437499.0,6090755732.0,46059378554.0,1699751652.0,33741685083.0,32041933431.0,24930646002.0,32041933415.0,-0.1694646724303695,0.132237036695126,3.5833209662325425,0.1805113086977595,18.85095001572618,0.0503754227987973,0.7780630987245312,https://www.brvm.org/fr/rapports-societe-cotes/unilever-ci,verified_like,passes_rule_checks
UNILEVER CI,2022,2023.0,2023-05-03,ok,,,7,UNILEVER CÔTE D'IVOIRE : Etats financiers - Exercice 2022,https://www.brvm.org/sites/default/files/20230503_-_etats_financiers_exercice_2022_-_unilever_ci.pdf,29.0,-6382600386.0,36174563380.0,-10773429335.0,12110660492.0,3827299415.0,21823568764.0,,8.016682798729609e-10,-0.1764389059503833,0.592439063508277,-0.5270233105961634,-0.3552535869489694,-0.8895823099092456,,https://www.brvm.org/fr/rapports-societe-cotes/unilever-ci,needs_review,non_positive_equity;balance_sheet_gap_gt_10pct
UNILEVER CI,2023,2024.0,2024-09-04,ok,,,8,UNILEVER CÔTE D'IVOIRE : Etats Financiers - Exercice 2023,https://www.brvm.org/sites/default/files/20240904_-_etats_financiers_-_exercice_2023_-_unilever_ci.pdf,1573553337.0,640334855.0,34682083215.0,-10658856096.0,3733373314.0,14392229410.0,0.0,14392229394.0,0.0453707848875536,0.0184629871000094,-0.0600753823142711,0.1715164279443392,-1.3502602230835108,-2.855020165283155,0.0,https://www.brvm.org/fr/rapports-societe-cotes/unilever-ci,needs_review,non_positive_equity
UNILEVER CI,2024,,,missing_report,nearest_report_is_different_fiscal_year,fy=2023 pub=2024 title=UNILEVER CÔTE D'IVOIRE : Etats Financiers - Exercice 2023 [score=60],0,,,,,,,,,,,,,,,,,,https://www.brvm.org/fr/rapports-societe-cotes/unilever-ci,missing_or_error,missing_report
UNILEVER CI,2025,,,missing_report,no_candidate_for_fiscal_year,fy=2021 pub=2022 title=UNILEVER CI : Etats financiers Exercice 2021 [score=60]; fy=2020 pub=2021 title=UNILEVER CÔTE D'IVOIRE : Etats Financiers - Exercice 2020 [score=60]; fy=2023 pub=2024 title=UNILEVER CÔTE D'IVOIRE : Etats Financiers - Exercice 2023 [score=60],0,,,,,,,,,,,,,,,,,,https://www.brvm.org/fr/rapports-societe-cotes/unilever-ci,missing_or_error,missing_report
UNIWAX CI,2020,2021.0,2021-05-04,ok,,,8,UNIWAX CÔTE D'IVOIRE : Etats Financiers - Exercice 2020,https://www.brvm.org/sites/default/files/20210504_-_etats_financiers_-_exercice_2020_-_uniwax_ci.pdf,675545879.0,369763628.0,34916710441.0,4187244062.0,42173032621.0,37985788559.0,16690950631.0,5281426728.0,0.0193473517541548,0.010589875831081,0.0883071592018416,0.0087677742154088,9.071787552038804,0.0992872412005526,3.1603109331255688,https://www.brvm.org/fr/rapports-societe-cotes/uniwax-ci,verified_like,passes_rule_checks
UNIWAX CI,2021,2022.0,2022-04-29,ok,,,8,UNIWAX CI : Etats financiers exercice 2021,https://www.brvm.org/sites/default/files/20220429_-_etats_financiers_exercice_2021_-_uniwax_ci.pdf,1984939431.0,1400692889.0,38191193639.0,414479350.0,37292681535.0,13657557354.0,30239769301.0,13657557354.0,0.0519737468737563,0.0366758080996359,3.379403314061364,0.0375594575489407,32.95111651280094,0.0111142275894266,2.214141849614377,https://www.brvm.org/fr/rapports-societe-cotes/uniwax-ci,needs_review,balance_sheet_gap_gt_10pct
UNIWAX CI,2022,2023.0,2023-04-28,ok,,reconciled_from_cache_candidate,8,UNIWAX CI : Etats financiers Exercice 2022,https://www.brvm.org/sites/default/files/20230428_-_etats_financiers_exercice_2022_-_uniwax_ci.pdf,1212860306.0,4000000.0,36372536951.0,1400364822.0,22682619324.0,21282254502.0,46711563.0,18679538970.0,0.03334549656610231,0.00010997308231176398,0.0028563985164146034,0.00017634647669494168,15.197650046367702,0.061737350611809794,0.0025006807221002844,https://www.brvm.org/fr/rapports-societe-cotes/uniwax-ci,verified_like,reconciled_from_cache_candidate
UNIWAX CI,2023,2024.0,2024-04-30,ok,,,8,UNIWAX CI : Etats Financiers de synthèse et Projets d'affectation non vérifiés par les Commissaires Aux Comptes - Exercice 2023,https://www.brvm.org/sites/default/files/20240430_-_etats_financiers_de_synthese_projets_daffectation_non_verifies_par_les_cac_-_exercice_2023_-_uniwax_ci.pdf,1804906501.0,2035492389.0,29686986976.0,11704916.0,38585032514.0,20784965409.0,28266640710.0,19563488780.0,0.0607979011968829,0.0685651390168211,173.90064046593756,0.0527534190430305,1775.7466528593627,0.0003033537938772,1.4448670698703463,https://www.brvm.org/fr/rapports-societe-cotes/uniwax-ci,needs_review,balance_sheet_gap_gt_10pct
UNIWAX CI,2024,2025.0,2025-08-28,ok,,,8,UNIWAX CÔTE D'IVOIRE : Etats financiers - Exercice 2024,https://www.brvm.org/sites/default/files/20250828_-_etats_financiers_-_exercice_2024_-_uniwax_ci.pdf,-2136021358.0,-2188937902.0,27333349555.0,11704914.0,38571529097.0,20774890194.0,22670596333.0,19553413565.0,-0.0781470764752746,-0.0800830464482749,-187.0101653032222,-0.0567500940005577,1774.8861883137288,0.0003034599424504,1.1594188532676288,https://www.brvm.org/fr/rapports-societe-cotes/uniwax-ci,needs_review,balance_sheet_gap_gt_10pct
UNIWAX CI,2025,,,missing_report,nearest_report_is_different_fiscal_year,fy=2024 pub=2025 title=UNIWAX CÔTE D'IVOIRE : Etats financiers - Exercice 2024 [score=60],0,,,,,,,,,,,,,,,,,,https://www.brvm.org/fr/rapports-societe-cotes/uniwax-ci,missing_or_error,missing_report
VIVO ENERGY CI,2020,2021.0,2021-05-03,ok,,,8,VIVO ENERGY CÔTE D'IVOIRE : Etats Financiers - Exercice 2020,https://www.brvm.org/sites/default/files/20210503_-_etats_financiers_-_exercice_2020_-_vivo_energy_ci.pdf,-3858364028.0,-4857695794.0,312991497393.0,378.0,7.459602662296389e+21,4.253889398956278e+21,1.3487663397923022e+21,2.4040768988436685e+21,-0.012327376494689,-0.0155202164738058,-12851047.074074076,-6.512003405426142e-13,1.1253675658614491e+19,5.067294025063196e-20,0.5610329438467806,https://www.brvm.org/fr/rapports-societe-cotes/vivo-energy-ci,needs_review,balance_sheet_gap_gt_10pct
VIVO ENERGY CI,2021,2022.0,2022-09-06,ok,,,8,VIVO ENERGY CI : Etats Financiers exercice 2021,https://www.brvm.org/sites/default/files/20220906_-_etats_financiers_exercice_2021_-_vivo_energy_ci.pdf,4268901912.0,2359622661.0,366643579663.0,500376822.0,101262735128.0,67133730036.0,43810997944.0,48939413906.0,0.011643192868463,0.0064357397534926,4.71569136949353,0.0233019842691128,134.16634641002616,0.0049413717826948,0.8952088806815226,https://www.brvm.org/fr/rapports-societe-cotes/vivo-energy-ci,needs_review,balance_sheet_gap_gt_10pct
VIVO ENERGY CI,2022,2023.0,2023-11-03,ok,,,8,VIVO ENERGY : Etats financiers - Exercice 2022,https://www.brvm.org/sites/default/files/20231103_-_etats_financiers_-_exercice_2022_-_vivo_energy_ci.pdf,4363474241.0,3548638458.0,488901792280.0,3548638458.0,119461700193.0,96547661925.0,59723429880.0,79528604069.0,0.0089250526586349,0.0072583870913028,1.0,0.0297052398573508,27.206959251468497,0.0297052398573508,0.7509679137355814,https://www.brvm.org/fr/rapports-societe-cotes/vivo-energy-ci,needs_review,balance_sheet_gap_gt_10pct
VIVO ENERGY CI,2023,2024.0,2024-05-06,ok,,,8,VIVO ENERGY CI : Etats Financiers provisoire 2023,https://www.brvm.org/sites/default/files/20240506_-_etats_financiers_provisoire_2023_.pdf,8485512286.0,4011602748.0,550696.0,7161602748.0,168468608785.0,51213273269.0,49890581130.0,36104035916.0,15408.705140404143,7284.60484187283,0.5601543242705425,0.0238121676016189,7.151091043593864,0.0425100129908453,1.3818560685590917,https://www.brvm.org/fr/rapports-societe-cotes/vivo-energy-ci,needs_review,balance_sheet_gap_gt_10pct;extreme_net_margin
VIVO ENERGY CI,2024,,,missing_report,nearest_report_is_different_fiscal_year,fy=2023 pub=2024 title=VIVO ENERGY CI : Etats Financiers provisoire 2023 [score=70]; fy=2023 pub=2024 title=VIVO ENERGY CI : Etats Financiers provisoire - Exercice 2023 [score=70],0,,,,,,,,,,,,,,,,,,https://www.brvm.org/fr/rapports-societe-cotes/vivo-energy-ci,missing_or_error,missing_report
VIVO ENERGY CI,2025,,,missing_report,no_candidate_for_fiscal_year,fy=2023 pub=2024 title=VIVO ENERGY CI : Etats Financiers provisoire - Exercice 2023 [score=70]; fy=2023 pub=2024 title=VIVO ENERGY CI : Etats Financiers provisoire 2023 [score=70]; fy=2022 pub=2023 title=VIVO ENERGY : Etats financiers - Exercice 2022 [score=60],0,,,,,,,,,,,,,,,,,,https://www.brvm.org/fr/rapports-societe-cotes/vivo-energy-ci,missing_or_error,missing_report
